"Ulpin","OBJECTID_1","M_KHAS_ID","IDS","M_PAR_ID","DIST_NM","SUBDIV_ID","SUBDIV_NM","VILL_ID","VILL_NM","M_KHASRA_R","M_KHASRA_N","M_MIN_NO","TYPE","SUB_TYPE","PAT_PAR","PAT_STS","D_SOURCE","URBANBODY","Remarks","Validated","Date","name_date","VIL_NM_NIC","DIS_NM_NIC","SD_NM_NIC","VIL_CO_NIC","RE_2019","Shape_Leng","Shape_Area","DIS_CEN_CO","SUBD_CEN_C","VILL_CEN_C","M_KH_R","M_KH_N","M_MIN_N"
"86KB7LDA0R7QH0","1","698135.337079702,3171029.4241183","4/3","248","WEST","07070001","PUNJABI BAGH","092","TILANGPUR KOTLA","4","3","0","AGRICULTURE","AGRICULTURE","4/3/0","P","14-05-2013","MCD","","","","","TILANG PUR KOTLA","WEST","PUNJABI BAGH","","","249.266824496","3863.6127873","96","450","63996","0","","0"
"86KBCJDA0QGMH0","2","698065.353547559,3171044.80667544","4/2/1","249","WEST","07070001","PUNJABI BAGH","092","TILANGPUR KOTLA","4","2/1","0","AGRICULTURE","AGRICULTURE","4/2/1","P","14-05-2013","MCD","Khasra Number Updated","","08.05.2017","","TILANG PUR KOTLA","WEST","PUNJABI BAGH","","","199.644427995","2031.34705769","96","450","63996","0","","0"
"86KB8QDA0PPLH0","3","697996.065708036,3171030.55267894","4/1","250","WEST","07070001","PUNJABI BAGH","092","TILANGPUR KOTLA","4","1","0","AGRICULTURE","AGRICULTURE","4/1/0","P","14-05-2013","MCD","","","","","TILANG PUR KOTLA","WEST","PUNJABI BAGH","","","252.652983191","3981.49309813","96","450","63996","0","","0"
"86KB8MDA0SNTH0","4","698283.76801542,3171034.65638655","4/5/2","251","WEST","07070001","PUNJABI BAGH","092","TILANGPUR KOTLA","4","5/2","0","AGRICULTURE","AGRICULTURE","4/5/2","P","14-05-2013","MCD","Khasra Number Updated","","08.05.2017","","TILANG PUR KOTLA","WEST","PUNJABI BAGH","","","195.752900722","2311.77054718","96","450","63996","0","","0"
"86KB8DDA0SD3H0","5","698249.945521099,3171033.22575672","4/5/1","252","WEST","07070001","PUNJABI BAGH","092","TILANGPUR KOTLA","4","5/1","0","AGRICULTURE","AGRICULTURE","4/5/1","P","14-05-2013","MCD","Khasra Number Updated","","08.05.2017","","TILANG PUR KOTLA","WEST","PUNJABI BAGH","","","170.777878586","1596.06599502","96","450","63996","0","","0"
"86KB8RDA0T99H0","6","698335.808693039,3171036.40130087","3/1","253","WEST","07070001","PUNJABI BAGH","092","TILANGPUR KOTLA","3","1","0","AGRICULTURE","AGRICULTURE","3/1/0","P","14-05-2013","MCD","","","","","TILANG PUR KOTLA","WEST","PUNJABI BAGH","","","246.186204459","3798.5900688","96","450","63996","0","","0"
"86KB89DA0RU1H0","7","698205.266360559,3171032.00549711","4/4","254","WEST","07070001","PUNJABI BAGH","092","TILANGPUR KOTLA","4","4","0","AGRICULTURE","AGRICULTURE","4/4/0","P","14-05-2013","MCD","","","","","TILANG PUR KOTLA","WEST","PUNJABI BAGH","","","238.292115703","3550.41233327","96","450","63996","0","","0"
"86KBZLDA0SYTH0","8","698266.945138546,3171091.42933149","1/25","260","WEST","07070001","PUNJABI BAGH","092","TILANGPUR KOTLA","1","25","0","AGRICULTURE","AGRICULTURE","1/25/0","P","14-05-2013","MCD","","","","","TILANG PUR KOTLA","WEST","PUNJABI BAGH","","","247.46374373","3829.27274103","96","450","63996","0","","0"
"86KBPBDA0PRUH0","9","698001.622268151,3171084.4456409","1/21","261","WEST","07070001","PUNJABI BAGH","092","TILANGPUR KOTLA","1","21","0","AGRICULTURE","AGRICULTURE","1/21/0","P","14-05-2013","MCD","","","","","TILANG PUR KOTLA","WEST","PUNJABI BAGH","","","224.876119317","2977.97582351","96","450","63996","0","","0"
"86KBZNDA0QGMH0","10","698064.733210587,3171088.25962635","1/22","262","WEST","07070001","PUNJABI BAGH","092","TILANGPUR KOTLA","1","22","0","AGRICULTURE","AGRICULTURE","1/22/0","P","14-05-2013","MCD","","","","","TILANG PUR KOTLA","WEST","PUNJABI BAGH","","","257.850671111","4142.11645259","96","450","63996","0","","0"
"86KBZEDA0RTFH0","11","698202.518543635,3171089.41286507","1/24","263","WEST","07070001","PUNJABI BAGH","092","TILANGPUR KOTLA","1","24","0","AGRICULTURE","AGRICULTURE","1/24/0","P","14-05-2013","MCD","","","","","TILANG PUR KOTLA","WEST","PUNJABI BAGH","","","239.950375001","3581.68252635","96","450","63996","0","","0"
"86KBZ6DA0R7GH0","12","698133.621669912,3171087.34305559","1/23","264","WEST","07070001","PUNJABI BAGH","092","TILANGPUR KOTLA","1","23","0","AGRICULTURE","AGRICULTURE","1/23/0","P","14-05-2013","MCD","","","","","TILANG PUR KOTLA","WEST","PUNJABI BAGH","","","252.078679858","3947.98037271","96","450","63996","0","","0"
"86K7THDA0NYQH0","13","697784.319108242,3170656.23833718","7/8","167","WEST","07070001","PUNJABI BAGH","092","TILANGPUR KOTLA","7","8","0","AGRICULTURE","AGRICULTURE","7/8/0","G","14-05-2013","MCD","","","","","TILANG PUR KOTLA","WEST","PUNJABI BAGH","","","345.605683619","7107.88586408","96","450","63996","0","","0"
"86K80SDA0MTEH0","14","697720.728604623,3170663.47456319","7/9","168","WEST","07070001","PUNJABI BAGH","092","TILANGPUR KOTLA","7","9","0","AGRICULTURE","AGRICULTURE","7/9/0","G","14-05-2013","MCD","","","","","TILANG PUR KOTLA","WEST","PUNJABI BAGH","","","370.291049987","7779.36845288","96","450","63996","0","","0"
"86K84UDA0LU3H0","15","697624.623354148,3170676.34306696","6/6/1","170","WEST","07070001","PUNJABI BAGH","092","TILANGPUR KOTLA","6","6/1","0","AGRICULTURE","AGRICULTURE","6/6/1","G","14-05-2013","MCD","Khasra Number Updated","","08.05.2017","","TILANG PUR KOTLA","WEST","PUNJABI BAGH","","","267.566189749","842.396924352","96","450","63996","0","","0"
"86K87CDA0LA1H0","16","697561.702537507,3170686.37713702","6/7/1","171","WEST","07070001","PUNJABI BAGH","092","TILANGPUR KOTLA","6","7/1","0","AGRICULTURE","AGRICULTURE","6/7/1","P","14-05-2013","MCD","Khasra Number Updated","","08.05.2017","","TILANG PUR KOTLA","WEST","PUNJABI BAGH","","","278.988745633","996.174728832","96","450","63996","0","","0"
"86K86EDA0LK4H0","17","697593.282485564,3170682.05773649","6/6/2","172","WEST","07070001","PUNJABI BAGH","092","TILANGPUR KOTLA","6","6/2","0","AGRICULTURE","AGRICULTURE","6/6/2","P","14-05-2013","MCD","Khasra Number Updated","","08.05.2017","","TILANG PUR KOTLA","WEST","PUNJABI BAGH","","","371.016947714","7208.05014413","96","450","63996","0","","0"
"86K881DA0KUKH0","18","697525.856421868,3170676.26059337","6/7/2","173","WEST","07070001","PUNJABI BAGH","092","TILANGPUR KOTLA","6","7/2","0","AGRICULTURE","AGRICULTURE","6/7/2","P","14-05-2013","MCD","Khasra Number Updated","","08.05.2017","","TILANG PUR KOTLA","WEST","PUNJABI BAGH","","","397.86611008","7650.56926352","96","450","63996","0","","0"
"86K8JADA0ZTBH0","19","697914.302859285,3170741.66906701","7/5","179","WEST","07070001","PUNJABI BAGH","092","TILANGPUR KOTLA","7","5","0","AGRICULTURE","AGRICULTURE","7/5/0","P","14-05-2013","MCD","","","","","TILANG PUR KOTLA","WEST","PUNJABI BAGH","","","246.126560337","3309.61229209","96","450","63996","0","","0"
"86K8M4DA0Z9MH0","20","697852.684609014,3170741.6456611","7/4/1","181","WEST","07070001","PUNJABI BAGH","092","TILANGPUR KOTLA","7","4/1","0","AGRICULTURE","AGRICULTURE","7/4/1","P","14-05-2013","MCD","Khasra Number Updated","","08.05.2017","","TILANG PUR KOTLA","WEST","PUNJABI BAGH","","","271.32029192","4593.23386917","96","450","63996","0","","0"
"86KC9DDA0RT1H0","21","698199.93607451,3171147.19689518","1/17","266","WEST","07070001","PUNJABI BAGH","092","TILANGPUR KOTLA","1","17","0","AGRICULTURE","AGRICULTURE","1/17/0","P","14-05-2013","MCD","","","","","TILANG PUR KOTLA","WEST","PUNJABI BAGH","","","239.556118788","3597.66491587","96","450","63996","0","","0"
"86KC9BDA0R79H0","22","698132.023735922,3171145.43653668","1/18","267","WEST","07070001","PUNJABI BAGH","092","TILANGPUR KOTLA","1","18","0","AGRICULTURE","AGRICULTURE","1/18/0","P","14-05-2013","MCD","","","","","TILANG PUR KOTLA","WEST","PUNJABI BAGH","","","248.891729241","3862.40386837","96","450","63996","0","","0"
"86KCCYDA0QK8H0","23","698073.747161374,3171153.53185438","1/19/1","268","WEST","07070001","PUNJABI BAGH","092","TILANGPUR KOTLA","1","19/1","0","AGRICULTURE","AGRICULTURE","1/19/1","P","14-05-2013","MCD","Khasra Number Updated","","08.05.2017","","TILANG PUR KOTLA","WEST","PUNJABI BAGH","","","186.694117345","1791.4751227","96","450","63996","0","","0"
"86KCALDA0SCMH0","24","698253.295421003,3171141.10594328","1/16","269","WEST","07070001","PUNJABI BAGH","092","TILANGPUR KOTLA","1","16","0","AGRICULTURE","AGRICULTURE","1/16/0","P","14-05-2013","MCD","","","","","TILANG PUR KOTLA","WEST","PUNJABI BAGH","","","227.648542433","2112.92687215","96","450","63996","0","","0"
"86KCRZDA0RZEH0","25","698189.772873749,3171200.67380347","1/14","270","WEST","07070001","PUNJABI BAGH","092","TILANGPUR KOTLA","1","14","0","AGRICULTURE","AGRICULTURE","1/14/0","P","14-05-2013","MCD","","","","","TILANG PUR KOTLA","WEST","PUNJABI BAGH","","","230.078146217","2454.93214312","96","450","63996","0","","0"
"86KCTKDA0R93H0","26","698131.137703243,3171205.73004548","1/13","271","WEST","07070001","PUNJABI BAGH","092","TILANGPUR KOTLA","1","13","0","AGRICULTURE","AGRICULTURE","1/13/0","P","14-05-2013","MCD","","","","","TILANG PUR KOTLA","WEST","PUNJABI BAGH","","","300.346875924","4370.30639512","96","450","63996","0","","0"
"86KBAJDA0TT7H0","27","698392.334363712,3171038.88427696","3/2/1","255","WEST","07070001","PUNJABI BAGH","092","TILANGPUR KOTLA","3","2","0","AGRICULTURE","AGRICULTURE","3/2/0","GP","14-05-2013","MCD","Khasra Polygon Merged","","08.05.2017","","TILANG PUR KOTLA","WEST","PUNJABI BAGH","","","259.824595053","3651.9204309","96","450","63996","0","","0"
"86K90VDA0Q1TH0","28","698026.320022827,3170785.15689617","4/22/3","192","WEST","07070001","PUNJABI BAGH","092","TILANGPUR KOTLA","4","22/3","0","AGRICULTURE","AGRICULTURE","4/22/3","P","14-05-2013","MCD","Khasra Number Updated","","08.05.2017","","TILANG PUR KOTLA","WEST","PUNJABI BAGH","","","117.77728784","595.715230124","96","450","63996","0","","0"
"86KBM9DA0T8SH0","29","698333.607948131,3171084.17391434","2/21/1","16","WEST","07070001","PUNJABI BAGH","092","TILANGPUR KOTLA","2","21/1","0","WATER BODIES","WELL","2/21/1","P","14-05-2013","MCD","Khasra Number Updated","","08.05.2017","","TILANG PUR KOTLA","WEST","PUNJABI BAGH","","","53.6608251604","170.693590204","96","450","63996","0","","0"
"86KBZUDA0T85H0","30","698329.311742036,3171086.42266451","2/21/2","259","WEST","07070001","PUNJABI BAGH","092","TILANGPUR KOTLA","2","21/2","0","AGRICULTURE","AGRICULTURE","2/21/2","P","14-05-2013","MCD","","","","","TILANG PUR KOTLA","WEST","PUNJABI BAGH","","","275.913074113","2387.94401843","96","450","63996","0","","0"
"86KC4NDA0QF2H0","31","698058.688996433,3171127.25588511","1/19/2","265","WEST","07070001","PUNJABI BAGH","092","TILANGPUR KOTLA","1","19/2","0","AGRICULTURE","AGRICULTURE","1/19/2","P","14-05-2013","MCD","Khasra Number Updated","","08.05.2017","","TILANG PUR KOTLA","WEST","PUNJABI BAGH","","","208.722929075","1569.95972937","96","450","63996","0","","0"
"86K9CPDA0PEUH0","32","697965.783827054,3170822.57567921","4/20/1/2","12","WEST","07070001","PUNJABI BAGH","092","TILANGPUR KOTLA","4","20/1","0","WATER BODIES","WELL","4/20/1","P","14-05-2013","MCD","Khasra Number Updated","","08.05.2017","","TILANG PUR KOTLA","WEST","PUNJABI BAGH","","","56.6753904195","169.97887756","96","450","63996","0","","0"
"86K8AVDA0M6CH0","33","697648.320966682,3170702.43324014","7/10/1","2","WEST","07070001","PUNJABI BAGH","092","TILANGPUR KOTLA","7","10/1","0","WATER BODIES","TANKPOND LAKE","7/10/1","G","14-05-2013","MCD","Khasra Number Updated","","08.05.2017","","TILANG PUR KOTLA","WEST","PUNJABI BAGH","","","83.9585038663","394.115257758","96","450","63996","0","","0"
"86K7E9DA0L9LH0","34","697561.628521698,3170599.15935242","6/14/1","9","WEST","07070001","PUNJABI BAGH","092","TILANGPUR KOTLA","6","14/1","0","WATER BODIES","WELL","6/14/1","P","14-05-2013","MCD","Khasra Number Updated","","08.05.2017","","TILANG PUR KOTLA","WEST","PUNJABI BAGH","","","43.5150613756","120.841426832","96","450","63996","0","","0"
"86K6Z2DA0LKFH0","35","697598.277842995,3170527.29870394","6/16/2","107","WEST","07070001","PUNJABI BAGH","092","TILANGPUR KOTLA","6","16/2","0","AGRICULTURE","AGRICULTURE","6/16/2","G","14-05-2013","MCD","Khasra Number Updated","","08.05.2017","","TILANG PUR KOTLA","WEST","PUNJABI BAGH","","","236.563044953","3703.21209715","96","450","63996","0","","0"
"86K6TQDA0L46H0","36","697539.835537096,3170551.0199937","6/17","109","WEST","07070001","PUNJABI BAGH","092","TILANGPUR KOTLA","6","17","0","AGRICULTURE","AGRICULTURE","6/17/0","G","14-05-2013","MCD","","","","","TILANG PUR KOTLA","WEST","PUNJABI BAGH","","","209.646788157","2104.06925465","96","450","63996","0","","0"
"86K6PUDA0M86H0","37","697654.415543694,3170537.45103554","7/20","112","WEST","07070001","PUNJABI BAGH","092","TILANGPUR KOTLA","7","20","0","AGRICULTURE","AGRICULTURE","7/20/0","P","14-05-2013","MCD","","","","","TILANG PUR KOTLA","WEST","PUNJABI BAGH","","","212.584839507","2489.17973129","96","450","63996","0","","0"
"86K73NDA0M90H0","38","697657.659194947,3170563.21952477","7/11/2","121","WEST","07070001","PUNJABI BAGH","092","TILANGPUR KOTLA","7","11/2","0","AGRICULTURE","AGRICULTURE","7/11/2","P","14-05-2013","MCD","Khasra Number Updated","","08.05.2017","","TILANG PUR KOTLA","WEST","PUNJABI BAGH","","","136.548262584","495.570089014","96","450","63996","0","","0"
"86K6UZDA0MZCH0","39","697707.319183049,3170551.99286346","7/12/2","123","WEST","07070001","PUNJABI BAGH","092","TILANGPUR KOTLA","7","12/3","0","AGRICULTURE","AGRICULTURE","7/12/3","P","14-05-2013","MCD","Khasra Number Updated","","08.05.2017","","TILANG PUR KOTLA","WEST","PUNJABI BAGH","","","144.380654173","832.627901721","96","450","63996","0","","0"
"86K7CZDA0KA1H0","40","697474.156825781,3170596.4497568","6/13","135","WEST","07070001","PUNJABI BAGH","092","TILANGPUR KOTLA","6","13","0","AGRICULTURE","AGRICULTURE","6/13/0","G","14-05-2013","MCD","","","","","TILANG PUR KOTLA","WEST","PUNJABI BAGH","","","238.833325244","3281.69510649","96","450","63996","0","","0"
"86K7DPDA0KUCH0","41","697532.279013741,3170595.78807119","6/14/2","136","WEST","07070001","PUNJABI BAGH","092","TILANGPUR KOTLA","6","14/2","0","AGRICULTURE","AGRICULTURE","6/14/2","P","14-05-2013","MCD","Khasra Number Updated","","08.05.2017","","TILANG PUR KOTLA","WEST","PUNJABI BAGH","","","258.432198688","3244.01235459","96","450","63996","0","","0"
"86K7BNDA0LKNH0","42","697596.995050809,3170590.72867361","6/15","137","WEST","07070001","PUNJABI BAGH","092","TILANGPUR KOTLA","6","15","0","AGRICULTURE","AGRICULTURE","6/15/0","G","14-05-2013","MCD","","","","","TILANG PUR KOTLA","WEST","PUNJABI BAGH","","","234.167719911","3280.44094794","96","450","63996","0","","0"
"86K7B0DA0M97H0","43","697658.27687155,3170588.90213226","7/11/1","138","WEST","07070001","PUNJABI BAGH","092","TILANGPUR KOTLA","7","11/1","0","AGRICULTURE","AGRICULTURE","7/11/1","G","14-05-2013","MCD","Khasra Number Updated","","08.05.2017","","TILANG PUR KOTLA","WEST","PUNJABI BAGH","","","208.908901503","2619.10058095","96","450","63996","0","","0"
"86K7AQDA0N5YH0","44","697722.066143863,3170591.3223448","7/12/1","139","WEST","07070001","PUNJABI BAGH","092","TILANGPUR KOTLA","7","12/1","0","AGRICULTURE","AGRICULTURE","7/12/1","G","14-05-2013","MCD","Khasra Polygon Merged","","08.05.2017","","TILANG PUR KOTLA","WEST","PUNJABI BAGH","","26-03-2019","262.897360344","2545.47055948","96","450","63996","0","","0"
"86K80EDA0Z2DH0","45","697840.503691049,3170681.87356196","7/7","165","WEST","07070001","PUNJABI BAGH","092","TILANGPUR KOTLA","7","4/2","0","AGRICULTURE","AGRICULTURE","7/4/2","P","14-05-2013","MCD","Khasra Number Updated","","08.05.2017","","TILANG PUR KOTLA","WEST","PUNJABI BAGH","","","274.867313343","2784.43310808","96","450","63996","0","","0"
"86K3RRDA0QJDH0","46","698087.962612574,3170212.66056983","9/19/1","29","WEST","07070001","PUNJABI BAGH","092","TILANGPUR KOTLA","9","19/1","0","WATER BODIES","WELL","9/19/1","P","14-05-2013","MCD","Khasra Number Updated","","08.05.2017","","TILANG PUR KOTLA","WEST","PUNJABI BAGH","","","37.9679934782","88.6342199321","96","450","63996","0","","0"
"86K470DA0PRNH0","47","698009.863395659,3170254.64099056","9/20","34","WEST","07070001","PUNJABI BAGH","092","TILANGPUR KOTLA","9","20","0","AGRICULTURE","AGRICULTURE","9/20/0","P","14-05-2013","MCD","","","","","TILANG PUR KOTLA","WEST","PUNJABI BAGH","","","202.730100454","1848.8839877","96","450","63996","0","","0"
"86K413DA0QE9H0","48","698073.730679193,3170234.74002287","9/19/2","35","WEST","07070001","PUNJABI BAGH","092","TILANGPUR KOTLA","9","19/2","0","AGRICULTURE","AGRICULTURE","9/19/2","P","14-05-2013","MCD","Khasra Number Updated","","08.05.2017","","TILANG PUR KOTLA","WEST","PUNJABI BAGH","","","303.330182584","4032.98231491","96","450","63996","0","","0"
"86K45FDA0R4JH0","49","698138.906248121,3170245.01946907","9/18/1","36","WEST","07070001","PUNJABI BAGH","092","TILANGPUR KOTLA","9","18/1","0","AGRICULTURE","AGRICULTURE","9/18/1","P","14-05-2013","MCD","Khasra Number Updated","","08.05.2017","","TILANG PUR KOTLA","WEST","PUNJABI BAGH","","","206.450580563","2365.02796163","96","450","63996","0","","0"
"86K4HUDA0P6LH0","50","697943.031729823,3170291.56520953","8/15/2","42","WEST","07070001","PUNJABI BAGH","092","TILANGPUR KOTLA","8","15/2","0","AGRICULTURE","AGRICULTURE","8/15/2","P","14-05-2013","MCD","Khasra Number Updated","","08.05.2017","","TILANG PUR KOTLA","WEST","PUNJABI BAGH","","","189.459809343","1478.85725238","96","450","63996","0","","0"
"86K4KCDA0PN7H0","51","698000.709608724,3170295.51744775","9/11","44","WEST","07070001","PUNJABI BAGH","092","TILANGPUR KOTLA","9","11","0","AGRICULTURE","AGRICULTURE","9/11/0","P","14-05-2013","MCD","","","","","TILANG PUR KOTLA","WEST","PUNJABI BAGH","","","234.144535182","3316.69060694","96","450","63996","0","","0"
"86K4YJDA0QDLH0","52","698067.065262541,3170290.6880952","9/12","45","WEST","07070001","PUNJABI BAGH","092","TILANGPUR KOTLA","9","12","0","AGRICULTURE","AGRICULTURE","9/12/0","P","14-05-2013","MCD","","","","","TILANG PUR KOTLA","WEST","PUNJABI BAGH","","","236.90219709","3418.55759665","96","450","63996","0","","0"
"86K4HADA0R4BH0","53","698137.523507235,3170287.09415746","9/13","46","WEST","07070001","PUNJABI BAGH","092","TILANGPUR KOTLA","9","13","0","AGRICULTURE","AGRICULTURE","9/13/0","P","14-05-2013","MCD","","","","","TILANG PUR KOTLA","WEST","PUNJABI BAGH","","","237.2658381","3426.47599529","96","450","63996","0","","0"
"86K4GNDA0RPQH0","54","698204.588069911,3170286.04181924","9/14","47","WEST","07070001","PUNJABI BAGH","092","TILANGPUR KOTLA","9","14","0","AGRICULTURE","AGRICULTURE","9/14/0","P","14-05-2013","MCD","","","","","TILANG PUR KOTLA","WEST","PUNJABI BAGH","","","231.167309632","3278.20856324","96","450","63996","0","","0"
"86K52SDA0P1YH0","55","697932.182214376,3170343.30591842","8/6/2","54","WEST","07070001","PUNJABI BAGH","092","TILANGPUR KOTLA","8","6/2","0","AGRICULTURE","AGRICULTURE","8/6/2","P","14-05-2013","MCD","Khasra Number Updated","","08.05.2017","","TILANG PUR KOTLA","WEST","PUNJABI BAGH","","","200.965480773","2252.11391626","96","450","63996","0","","0"
"86K51NDA0PMPH0","56","697998.379952718,3170339.70774768","9/10/2","55","WEST","07070001","PUNJABI BAGH","092","TILANGPUR KOTLA","9","10/2","0","AGRICULTURE","AGRICULTURE","9/10/2","P","14-05-2013","MCD","Khasra Number Updated","","08.05.2017","","TILANG PUR KOTLA","WEST","PUNJABI BAGH","","","213.964590349","2612.06188529","96","450","63996","0","","0"
"86K4V0DA0QDCH0","57","698064.930767881,3170335.03508845","9/9/2","56","WEST","07070001","PUNJABI BAGH","092","TILANGPUR KOTLA","9","9/2","0","AGRICULTURE","AGRICULTURE","9/9/2","P","14-05-2013","MCD","Khasra Polygon Merged","","08.05.2017","","TILANG PUR KOTLA","WEST","PUNJABI BAGH","","","217.729659902","2695.41461442","96","450","63996","0","","0"
"86K5A7DA0P17H0","58","697929.160531105,3170368.30910312","8/6/1","59","WEST","07070001","PUNJABI BAGH","092","TILANGPUR KOTLA","8","6/1","0","AGRICULTURE","AGRICULTURE","8/6/1","P","14-05-2013","MCD","Khasra Number Updated","","08.05.2017","","TILANG PUR KOTLA","WEST","PUNJABI BAGH","","","163.257466292","994.276143516","96","450","63996","0","","0"
"86K575DA0QD5H0","59","698063.545443857,3170360.63708615","9/9/1","61","WEST","07070001","PUNJABI BAGH","092","TILANGPUR KOTLA","9","9/1","0","AGRICULTURE","AGRICULTURE","9/9/1","P","14-05-2013","MCD","Khasra Polygon Merged","","08.05.2017","","TILANG PUR KOTLA","WEST","PUNJABI BAGH","","","162.680829851","846.407951657","96","450","63996","0","","0"
"86K4V0DA0RPKH0","60","698203.26120716,3170336.64466564","9/7","64","WEST","07070001","PUNJABI BAGH","092","TILANGPUR KOTLA","9","7","0","AGRICULTURE","AGRICULTURE","9/7/0","P","14-05-2013","MCD","","","","","TILANG PUR KOTLA","WEST","PUNJABI BAGH","","","236.035301181","3417.28964831","96","450","63996","0","","0"
"86K4V0DA0SG2H0","61","698270.860152224,3170338.19711753","9/6","65","WEST","07070001","PUNJABI BAGH","092","TILANGPUR KOTLA","9","6","0","AGRICULTURE","AGRICULTURE","9/6/0","P","14-05-2013","MCD","","","","","TILANG PUR KOTLA","WEST","PUNJABI BAGH","","","239.899320037","3510.4954542","96","450","63996","0","","0"
"86K5K2DA0ZASH0","62","697862.529024266,3170402.95381817","8/4/2","71","WEST","07070001","PUNJABI BAGH","092","TILANGPUR KOTLA","8","4/2","0","AGRICULTURE","AGRICULTURE","8/4/2","P","14-05-2013","MCD","Khasra Number Updated","","08.05.2017","","TILANG PUR KOTLA","WEST","PUNJABI BAGH","","","210.893434427","2511.54492497","96","450","63996","0","","0"
"86K5QSDA0ZAJH0","63","697861.056261964,3170426.99822217","8/4/1","76","WEST","07070001","PUNJABI BAGH","092","TILANGPUR KOTLA","8","4/1","0","AGRICULTURE","AGRICULTURE","8/4/1","P","14-05-2013","MCD","Khasra Number Updated","","08.05.2017","","TILANG PUR KOTLA","WEST","PUNJABI BAGH","","","157.985314537","726.107656173","96","450","63996","0","","0"
"86K5H8DA0PM4H0","64","697995.359734533,3170394.48907475","9/1","78","WEST","07070001","PUNJABI BAGH","092","TILANGPUR KOTLA","9","1","0","AGRICULTURE","AGRICULTURE","9/1/0","P","14-05-2013","MCD","","","","","TILANG PUR KOTLA","WEST","PUNJABI BAGH","","","235.55092511","3368.60295947","96","450","63996","0","","0"
"86K5EFDA0R3MH0","65","698133.611278183,3170387.97713442","9/3","80","WEST","07070001","PUNJABI BAGH","092","TILANGPUR KOTLA","9","3","0","AGRICULTURE","AGRICULTURE","9/3/0","P","14-05-2013","MCD","","","","","TILANG PUR KOTLA","WEST","PUNJABI BAGH","","","237.985044339","3404.63246733","96","450","63996","0","","0"
"86K5E1DA0RPDH0","66","698201.730549895,3170387.2469008","9/4","81","WEST","07070001","PUNJABI BAGH","092","TILANGPUR KOTLA","9","4","0","AGRICULTURE","AGRICULTURE","9/4/0","P","14-05-2013","MCD","","","","","TILANG PUR KOTLA","WEST","PUNJABI BAGH","","","231.736666414","3302.13137578","96","450","63996","0","","0"
"86K5EYDA0T61H0","67","698336.560695005,3170391.40644678","13/1","83","WEST","07070001","PUNJABI BAGH","092","TILANGPUR KOTLA","13","1","0","AGRICULTURE","AGRICULTURE","13/1/0","P","14-05-2013","MCD","","","","","TILANG PUR KOTLA","WEST","PUNJABI BAGH","","","228.930959262","3221.00448126","96","450","63996","0","","0"
"86K3L7DA0R4VH0","68","698143.987744892,3170193.62933802","9/23/1","26","WEST","07070001","PUNJABI BAGH","092","TILANGPUR KOTLA","9","23","0","AGRICULTURE","AGRICULTURE","9/23/0","GP","14-05-2013","MCD","","","","","TILANG PUR KOTLA","WEST","PUNJABI BAGH","","","203.272096961","2234.20393476","96","450","63996","0","","0"
"86K3TFDA0R4PH0","69","698139.72954276,3170219.18981383","9/18/2/1","31","WEST","07070001","PUNJABI BAGH","092","TILANGPUR KOTLA","9","18/2","0","AGRICULTURE","AGRICULTURE","9/18/2","GP","14-05-2013","MCD","Khasra Number Updated","","08.05.2017","","TILANG PUR KOTLA","WEST","PUNJABI BAGH","","","171.855294395","1183.94950386","96","450","63996","0","","0"
"86K44NDA0RPUH0","70","698205.884008556,3170243.70649551","9/17/1/1","37","WEST","07070001","PUNJABI BAGH","092","TILANGPUR KOTLA","9","17/1","0","AGRICULTURE","AGRICULTURE","9/17/1","GP","14-05-2013","MCD","Khasra Number Updated","","08.05.2017","","TILANG PUR KOTLA","WEST","PUNJABI BAGH","","","198.988673507","2236.04525495","96","450","63996","0","","0"
"86K4QFDA0P1TH0","71","697933.653319902,3170315.95809319","8/15/1/2","43","WEST","07070001","PUNJABI BAGH","092","TILANGPUR KOTLA","8","15/1","0","AGRICULTURE","AGRICULTURE","8/15/1","P","14-05-2013","MCD","Khasra Number Updated","","08.05.2017","","TILANG PUR KOTLA","WEST","PUNJABI BAGH","","","171.75949703","1318.71430254","96","450","63996","0","","0"
"86K4GRDA0SG2H0","72","698272.03229765,3170287.32535722","9/15/1","48","WEST","07070001","PUNJABI BAGH","092","TILANGPUR KOTLA","9","15","0","AGRICULTURE","AGRICULTURE","9/15/0","GP","14-05-2013","MCD","","","","","TILANG PUR KOTLA","WEST","PUNJABI BAGH","","","239.688659176","3508.83099448","96","450","63996","0","","0"
"86K52VDA0ZC6H0","73","697865.500416762,3170358.884874","8/7/2/3","58","WEST","07070001","PUNJABI BAGH","092","TILANGPUR KOTLA","8","7/2","0","AGRICULTURE","AGRICULTURE","8/7/2","P","14-05-2013","MCD","Khasra Polygon Merged","","08.05.2017","","TILANG PUR KOTLA","WEST","PUNJABI BAGH","","26-03-2019","259.892226267","3712.91400823","96","450","63996","0","","0"
"86K50BDA0T62H0","74","698337.484058727,3170341.02656044","13/10/1","66","WEST","07070001","PUNJABI BAGH","092","TILANGPUR KOTLA","13","10","0","AGRICULTURE","AGRICULTURE","13/10/0","GP","14-05-2013","MCD","","","","","TILANG PUR KOTLA","WEST","PUNJABI BAGH","","","228.279984197","3208.99134837","96","450","63996","0","","0"
"86K5YQDA0P0SH0","75","697929.4732404,3170400.52180045","8/5/2","77","WEST","07070001","PUNJABI BAGH","092","TILANGPUR KOTLA","8","5","0","AGRICULTURE","AGRICULTURE","8/5/0","P","14-05-2013","MCD","","","","","TILANG PUR KOTLA","WEST","PUNJABI BAGH","","","232.409056916","3254.27618856","96","450","63996","0","","0"
"86K335DA0SEZH0","76","698265.091307954,3170137.85043667","14/5","23","WEST","07070001","PUNJABI BAGH","092","TILANGPUR KOTLA","14","5","0","AGRICULTURE","AGRICULTURE","14/5/0","G","14-05-2013","MCD","Khasra Polygon Merged","","08.05.2017","","TILANG PUR KOTLA","WEST","PUNJABI BAGH","","","303.053094781","4183.48253742","96","450","63996","0","","0"
"86K3D9DA0SG0H0","77","698272.300365054,3170164.70223614","9/25/2","25","WEST","07070001","PUNJABI BAGH","092","TILANGPUR KOTLA","9","25/2","0","AGRICULTURE","AGRICULTURE","9/25/2","G","14-05-2013","MCD","Khasra Number Updated","","08.05.2017","","TILANG PUR KOTLA","WEST","PUNJABI BAGH","","","156.334436282","572.146974381","96","450","63996","0","","0"
"86K3CEDA0RRNH0","78","698207.506728619,3170184.75236362","9/24","27","WEST","07070001","PUNJABI BAGH","092","TILANGPUR KOTLA","9","24","0","AGRICULTURE","AGRICULTURE","9/24/0","G","14-05-2013","MCD","Khasra Polygon Merged","","08.05.2017","","TILANG PUR KOTLA","WEST","PUNJABI BAGH","","","290.459501851","4386.24446026","96","450","63996","0","","0"
"86K3KKDA0SG1H0","79","698273.653450799,3170189.91427309","9/25/1","28","WEST","07070001","PUNJABI BAGH","092","TILANGPUR KOTLA","9","25/1","0","AGRICULTURE","AGRICULTURE","9/25/1","G","14-05-2013","MCD","Khasra Number Updated","","08.05.2017","","TILANG PUR KOTLA","WEST","PUNJABI BAGH","","","223.286447017","2930.58934409","96","450","63996","0","","0"
"86K3KEDA0T8FH0","80","698351.349869828,3170193.80394906","13/21","30","WEST","07070001","PUNJABI BAGH","092","TILANGPUR KOTLA","13","21","0","AGRICULTURE","AGRICULTURE","13/21/0","G","14-05-2013","MCD","","","","","TILANG PUR KOTLA","WEST","PUNJABI BAGH","","","303.245400801","4013.21434461","96","450","63996","0","","0"
"86K3SQDA0RQ0H0","81","698206.156248941,3170218.00846093","9/17/2","32","WEST","07070001","PUNJABI BAGH","092","TILANGPUR KOTLA","9","17/2","0","AGRICULTURE","AGRICULTURE","9/17/2","G","14-05-2013","MCD","Khasra Number Updated","","08.05.2017","","TILANG PUR KOTLA","WEST","PUNJABI BAGH","","","162.437272786","1082.98189672","96","450","63996","0","","0"
"86K41VDA0TL7H0","82","698386.6233548,3170237.22584193","13/19/2","33","WEST","07070001","PUNJABI BAGH","092","TILANGPUR KOTLA","13","19/3","0","AGRICULTURE","AGRICULTURE","13/19/3","G","14-05-2013","MCD","Khasra Number Updated","","08.05.2017","","TILANG PUR KOTLA","WEST","PUNJABI BAGH","","","144.60267955","1286.45421105","96","450","63996","0","","0"
"86K42ADA0SG1H0","83","698272.55347097,3170236.46705044","9/16","38","WEST","07070001","PUNJABI BAGH","092","TILANGPUR KOTLA","9","16","0","AGRICULTURE","AGRICULTURE","9/16/0","G","14-05-2013","MCD","","","","","TILANG PUR KOTLA","WEST","PUNJABI BAGH","","","239.536528623","3500.95220107","96","450","63996","0","","0"
"86K43FDA0T5VH0","84","698339.035582204,3170239.44246583","13/20/1","39","WEST","07070001","PUNJABI BAGH","092","TILANGPUR KOTLA","13","20/1","0","AGRICULTURE","AGRICULTURE","13/20/1","G","14-05-2013","MCD","Khasra Polygon Merged","","08.05.2017","","TILANG PUR KOTLA","WEST","PUNJABI BAGH","","26-03-2019","221.463147114","2992.92877362","96","450","63996","0","","0"
"86K49EDA0TL9H0","85","698386.926196198,3170262.8482651","13/19/3","40","WEST","07070001","PUNJABI BAGH","092","TILANGPUR KOTLA","13","19/2","0","AGRICULTURE","AGRICULTURE","13/19/2","G","14-05-2013","MCD","","","","","TILANG PUR KOTLA","WEST","PUNJABI BAGH","","","85.4562857132","342.336892821","96","450","63996","0","","0"
"86K44EDA0U47H0","86","698434.951157794,3170250.87650558","13/19/1","41","WEST","07070001","PUNJABI BAGH","092","TILANGPUR KOTLA","13","19/1","0","AGRICULTURE","AGRICULTURE","13/19/1","G","14-05-2013","MCD","Khasra Number Updated","","08.05.2017","","TILANG PUR KOTLA","WEST","PUNJABI BAGH","","","255.03141583","3017.32244588","96","450","63996","0","","0"
"86K4H2DA0T14H0","87","698322.879850381,3170289.32736319","13/11/1","49","WEST","07070001","PUNJABI BAGH","092","TILANGPUR KOTLA","13","11/1","0","AGRICULTURE","AGRICULTURE","13/11/1","G","14-05-2013","MCD","Khasra Number Updated","","08.05.2017","","TILANG PUR KOTLA","WEST","PUNJABI BAGH","","","169.180872598","1706.09408468","96","450","63996","0","","0"
"86K4HEDA0TBAH0","88","698354.753710222,3170291.36898059","13/11/2","50","WEST","07070001","PUNJABI BAGH","092","TILANGPUR KOTLA","13","11/2","0","AGRICULTURE","AGRICULTURE","13/11/2","G","14-05-2013","MCD","Khasra Number Updated","","08.05.2017","","TILANG PUR KOTLA","WEST","PUNJABI BAGH","","","162.881085343","1554.57241617","96","450","63996","0","","0"
"86K4Y6DA0TRFH0","89","698405.144356555,3170294.83529156","13/12","51","WEST","07070001","PUNJABI BAGH","092","TILANGPUR KOTLA","13","12","0","AGRICULTURE","AGRICULTURE","13/12/0","G","14-05-2013","MCD","","","","","TILANG PUR KOTLA","WEST","PUNJABI BAGH","","","241.658545267","3539.53741446","96","450","63996","0","","0"
"86K4JUDA0UKSH0","90","698474.230051845,3170300.0467109","13/13","52","WEST","07070001","PUNJABI BAGH","092","TILANGPUR KOTLA","13","13","0","AGRICULTURE","AGRICULTURE","13/13/0","G","14-05-2013","MCD","","","","","TILANG PUR KOTLA","WEST","PUNJABI BAGH","","26-03-2019","301.985426259","4344.76681403","96","450","63996","0","","0"
"86K4SEDA0TRHH0","91","698404.424009721,3170331.34882113","13/9/2","53","WEST","07070001","PUNJABI BAGH","092","TILANGPUR KOTLA","13","9/2","0","AGRICULTURE","AGRICULTURE","13/9/2","G","14-05-2013","MCD","Khasra Number Updated","","08.05.2017","","TILANG PUR KOTLA","WEST","PUNJABI BAGH","","","187.536949444","1615.94780829","96","450","63996","0","","0"
"86K54HDA0TRJH0","92","698404.96754066,3170356.65738134","13/9/1","67","WEST","07070001","PUNJABI BAGH","092","TILANGPUR KOTLA","13","9/1","0","AGRICULTURE","AGRICULTURE","13/9/1","G","14-05-2013","MCD","Khasra Number Updated","","08.05.2017","","TILANG PUR KOTLA","WEST","PUNJABI BAGH","","","197.613246806","1969.21428319","96","450","63996","0","","0"
"86K52CDA0UYZH0","93","698474.912720967,3170350.50365434","13/8","68","WEST","07070001","PUNJABI BAGH","092","TILANGPUR KOTLA","13","8","0","AGRICULTURE","AGRICULTURE","13/8/0","G","14-05-2013","MCD","","","","","TILANG PUR KOTLA","WEST","PUNJABI BAGH","","","240.459801089","3520.85210557","96","450","63996","0","","0"
"86K54DDA0VA8H0","94","698547.109270128,3170360.04468759","13/7/1","69","WEST","07070001","PUNJABI BAGH","092","TILANGPUR KOTLA","13","7","1","AGRICULTURE","AGRICULTURE","13/7/0","G","14-05-2013","MCD","Khasra Polygon Merged","","08.05.2017","","TILANG PUR KOTLA","WEST","PUNJABI BAGH","","","285.24798118","3870.42199427","96","450","63996","0","","0"
"86K5FYDA0QCNH0","95","698061.323331856,3170390.75731085","9/2","79","WEST","07070001","PUNJABI BAGH","092","TILANGPUR KOTLA","9","2","0","AGRICULTURE","AGRICULTURE","9/2/0","G","14-05-2013","MCD","Khasra Polygon Merged","","08.05.2017","","TILANG PUR KOTLA","WEST","PUNJABI BAGH","","","235.601832907","3318.96447558","96","450","63996","0","","0"
"86K5GLDA0UYVH0","96","698474.474806434,3170401.40616034","13/3","85","WEST","07070001","PUNJABI BAGH","092","TILANGPUR KOTLA","13","3","0","AGRICULTURE","AGRICULTURE","13/3/0","G","14-05-2013","MCD","","","","","TILANG PUR KOTLA","WEST","PUNJABI BAGH","","","241.036345497","3533.46722801","96","450","63996","0","","0"
"86K5YEDA0V9MH0","97","698543.389688067,3170408.34977179","13/4","86","WEST","07070001","PUNJABI BAGH","092","TILANGPUR KOTLA","13","4","0","AGRICULTURE","AGRICULTURE","13/4/0","G","14-05-2013","MCD","","","","","TILANG PUR KOTLA","WEST","PUNJABI BAGH","","","240.349559059","3502.70493335","96","450","63996","0","","0"
"86K5JLDA0VNZH0","98","698587.184012596,3170413.96540944","13/5/1","87","WEST","07070001","PUNJABI BAGH","092","TILANGPUR KOTLA","13","5/1","0","AGRICULTURE","AGRICULTURE","13/5/1","G","14-05-2013","MCD","Khasra Number Updated","","08.05.2017","","TILANG PUR KOTLA","WEST","PUNJABI BAGH","","","144.736156135","1034.37190892","96","450","63996","0","","0"
"86K5L2DA1038H0","99","698618.219786419,3170418.96570596","13/5/2","88","WEST","07070001","PUNJABI BAGH","092","TILANGPUR KOTLA","13","5/2","0","AGRICULTURE","AGRICULTURE","13/5/2","G","14-05-2013","MCD","Khasra Polygon Merged","","08.05.2017","","TILANG PUR KOTLA","WEST","PUNJABI BAGH","","","236.329044829","2579.29863448","96","450","63996","0","","0"
"86K5Y5DA0TRNH0","100","698404.558960142,3170404.92983396","13/2/1/1","84","WEST","07070001","PUNJABI BAGH","092","TILANGPUR KOTLA","13","2/1","0","AGRICULTURE","AGRICULTURE","13/2/1","GP","14-05-2013","MCD","Khasra Number Updated","","08.05.2017","","TILANG PUR KOTLA","WEST","PUNJABI BAGH","","","210.109103921","2427.69962721","96","450","63996","0","","0"
"86K5P9DA0N23H0","101","697733.078432319,3170426.37743089","8/2/1","73","WEST","07070001","PUNJABI BAGH","092","TILANGPUR KOTLA","8","2","1","AGRICULTURE","AGRICULTURE","8/2/0","P","14-05-2013","MCD","","","","","TILANG PUR KOTLA","WEST","PUNJABI BAGH","","","227.569902156","2616.29388099","96","450","63996","0","","0"
"86K5APDA0NPSH0","102","697805.714401575,3170375.47270904","8/8","57","WEST","07070001","PUNJABI BAGH","092","TILANGPUR KOTLA","8","8","0","AGRICULTURE","AGRICULTURE","8/8/0","P","14-05-2013","MCD","","","","","TILANG PUR KOTLA","WEST","PUNJABI BAGH","","","196.51975573","1588.55304867","96","450","63996","0","","0"
"86K588DA0PMHH0","103","697999.95299728,3170364.08352911","9/10/1","60","WEST","07070001","PUNJABI BAGH","092","TILANGPUR KOTLA","9","10/1","0","AGRICULTURE","AGRICULTURE","9/10/1","P","14-05-2013","MCD","Khasra Number Updated","","08.05.2017","","TILANG PUR KOTLA","WEST","PUNJABI BAGH","","","155.689034611","696.893316811","96","450","63996","0","","0"
"86K4UMDA0R21H0","104","698128.815846561,3170334.37383315","9/-999","3","WEST","07070001","PUNJABI BAGH","092","TILANGPUR KOTLA","9","8/3","0","WATER BODIES","WELL","9/8/3","P","14-05-2013","MCD","Khasra Number Updated","","08.05.2017","","TILANG PUR KOTLA","WEST","PUNJABI BAGH","","","44.3125036665","109.655373521","96","450","63996","0","","0"
"86K50YDA0QSHH0","105","698122.19083203,3170338.2139948","9/8/2","62","WEST","07070001","PUNJABI BAGH","092","TILANGPUR KOTLA","9","8/4","0","AGRICULTURE","AGRICULTURE","9/8/4","P","14-05-2013","MCD","Khasra Number Updated","","08.05.2017","","TILANG PUR KOTLA","WEST","PUNJABI BAGH","","","231.319964097","2042.33637334","96","450","63996","0","","0"
"86K505DA0RAPH0","106","698156.513263857,3170336.94858978","9/8/1","63","WEST","07070001","PUNJABI BAGH","092","TILANGPUR KOTLA","9","8/2","0","AGRICULTURE","AGRICULTURE","9/8/2","P","14-05-2013","MCD","Khasra Number Updated","","08.05.2017","","TILANG PUR KOTLA","WEST","PUNJABI BAGH","","","194.534646595","1268.99218509","96","450","63996","0","","0"
"86K51SDA0RC0H0","107","698159.977098423,3170343.42111325","9/-999","4","WEST","07070001","PUNJABI BAGH","092","TILANGPUR KOTLA","9","8/1","0","WATER BODIES","WELL","9/8/1","P","14-05-2013","MCD","Khasra Number Updated","","08.05.2017","","TILANG PUR KOTLA","WEST","PUNJABI BAGH","","","38.8654407603","88.7079726694","96","450","63996","0","","0"
"86K5G2DA0SM8H0","108","698289.70035345,3170396.19975632","9/5/1","5","WEST","07070001","PUNJABI BAGH","092","TILANGPUR KOTLA","9","5/1","0","WATER BODIES","WELL","9/5/1","P","14-05-2013","MCD","Khasra Number Updated","","08.05.2017","","TILANG PUR KOTLA","WEST","PUNJABI BAGH","","","47.1132224568","131.025910662","96","450","63996","0","","0"
"86K5E1DA0SFTH0","109","698268.934574722,3170388.14792459","9/5/2","82","WEST","07070001","PUNJABI BAGH","092","TILANGPUR KOTLA","9","5/2","0","AGRICULTURE","AGRICULTURE","9/5/2","P","14-05-2013","MCD","Khasra Number Updated","","08.05.2017","","TILANG PUR KOTLA","WEST","PUNJABI BAGH","","","286.447877881","3351.66801186","96","450","63996","0","","0"
"86K5ANDA0TRLH0","110","698404.074838097,3170379.19721632","13/2/2/1","70","WEST","07070001","PUNJABI BAGH","092","TILANGPUR KOTLA","13","2/2","0","AGRICULTURE","AGRICULTURE","13/2/2","GP","14-05-2013","MCD","Khasra Number Updated","","08.05.2017","","TILANG PUR KOTLA","WEST","PUNJABI BAGH","","","178.349342245","1247.03859304","96","450","63996","0","","0"
"86K4ZKDA0VATH0","111","698474.73242885,3170260.68057446","13/18","0","WEST","07070001","PUNJABI BAGH","092","TILANGPUR KOTLA","0","18","0","WATER BODIES","CANAL","18","G(DRAIN)","14-05-2013","MCD","Khasra Number Updated","","08.05.2017","","TILANG PUR KOTLA","WEST","PUNJABI BAGH","","","1471.20513664","9034.4457404","96","450","63996","0","","0"
"86K6CQDA0ZHVH0","112","697883.843345711,3170488.72304691","7/17/1","6","WEST","07070001","PUNJABI BAGH","092","TILANGPUR KOTLA","7","17/1","0","WATER BODIES","WELL","7/17/1","P","14-05-2013","MCD","Khasra Number Updated","","08.05.2017","","TILANG PUR KOTLA","WEST","PUNJABI BAGH","","","52.0730604306","155.419188016","96","450","63996","0","","0"
"86K66PDA0NK3H0","113","697792.649443368,3170465.69154549","7/23","91","WEST","07070001","PUNJABI BAGH","092","TILANGPUR KOTLA","7","23","0","AGRICULTURE","AGRICULTURE","7/23/0","P","14-05-2013","MCD","","","","","TILANG PUR KOTLA","WEST","PUNJABI BAGH","","","235.865459773","3376.91190661","96","450","63996","0","","0"
"86K64CDA0ZA7H0","114","697859.572028194,3170458.09698502","7/24","92","WEST","07070001","PUNJABI BAGH","092","TILANGPUR KOTLA","7","24","0","AGRICULTURE","AGRICULTURE","7/24/0","P","14-05-2013","MCD","","","","","TILANG PUR KOTLA","WEST","PUNJABI BAGH","","","239.276187621","3463.71338055","96","450","63996","0","","0"
"86K5SEDA0SYFH0","115","698275.256070063,3170435.78535746","10/25","98","WEST","07070001","PUNJABI BAGH","092","TILANGPUR KOTLA","10","25","0","AGRICULTURE","AGRICULTURE","10/25/0","P","14-05-2013","MCD","Khasra Polygon Merged","","08.05.2017","","TILANG PUR KOTLA","WEST","PUNJABI BAGH","","","319.270602656","3019.94825623","96","450","63996","0","","0"
"86K6LJDA0N0ZH0","116","697731.845578456,3170513.31676374","7/19","108","WEST","07070001","PUNJABI BAGH","092","TILANGPUR KOTLA","7","19","0","AGRICULTURE","AGRICULTURE","7/19/0","P","14-05-2013","MCD","","","","","TILANG PUR KOTLA","WEST","PUNJABI BAGH","","","191.605863872","1780.59031421","96","450","63996","0","","0"
"86K6YEDA0Z9LH0","117","697855.876856462,3170509.52332037","7/17/2","113","WEST","07070001","PUNJABI BAGH","092","TILANGPUR KOTLA","7","17/2","0","AGRICULTURE","AGRICULTURE","7/17/2","P","14-05-2013","MCD","Khasra Number Updated","","08.05.2017","","TILANG PUR KOTLA","WEST","PUNJABI BAGH","","","263.879471308","3138.29127135","96","450","63996","0","","0"
"86K6DGDA0Q4UH0","118","698037.942767257,3170493.63002823","10/19/2","116","WEST","07070001","PUNJABI BAGH","092","TILANGPUR KOTLA","10","19/3","0","AGRICULTURE","AGRICULTURE","10/19/3","P","14-05-2013","MCD","Khasra Number Updated","","08.05.2017","","TILANG PUR KOTLA","WEST","PUNJABI BAGH","","","155.574047792","1372.91056525","96","450","63996","0","","0"
"86K6CRDA0QHKH0","119","698072.558222763,3170491.72095265","10/19/1","117","WEST","07070001","PUNJABI BAGH","092","TILANGPUR KOTLA","10","19/2","0","AGRICULTURE","AGRICULTURE","10/19/2","P","14-05-2013","MCD","","","","","TILANG PUR KOTLA","WEST","PUNJABI BAGH","","26-03-2019","291.024969669","3473.2672741","96","450","63996","0","","0"
"86K6BPDA0R77H0","120","698129.066391468,3170490.05573915","10/18","118","WEST","07070001","PUNJABI BAGH","092","TILANGPUR KOTLA","10","18","0","AGRICULTURE","AGRICULTURE","10/18/0","P","14-05-2013","MCD","Khasra Polygon Merged","","08.05.2017","","TILANG PUR KOTLA","WEST","PUNJABI BAGH","","26-03-2019","184.429350494","1987.8351354","96","450","63996","0","","0"
"86K6BPDA0RH9H0","121","698178.190833333,3170497.83513333","10/17","119","WEST","07070001","PUNJABI BAGH","092","TILANGPUR KOTLA","10","17","0","AGRICULTURE","AGRICULTURE","10/17/0","G","14-05-2013","MCD","","","","","TILANG PUR KOTLA","WEST","PUNJABI BAGH","","","163.895612937","1136.91896633","96","450","63996","0","","0"
"86K6BLDA0SHEH0","122","698265.908011475,3170492.81298108","10/16","120","WEST","07070001","PUNJABI BAGH","092","TILANGPUR KOTLA","10","16","0","AGRICULTURE","AGRICULTURE","10/16/0","G","14-05-2013","MCD","","","","","TILANG PUR KOTLA","WEST","PUNJABI BAGH","","","262.78955899","2319.23011163","96","450","63996","0","","0"
"86K6SMDA0Z99H0","123","697854.535161764,3170543.70506351","7/14/2","131","WEST","07070001","PUNJABI BAGH","092","TILANGPUR KOTLA","7","14/1","0","AGRICULTURE","AGRICULTURE","7/14/1","P","14-05-2013","MCD","Khasra Number Updated","","08.05.2017","","TILANG PUR KOTLA","WEST","PUNJABI BAGH","","26-03-2019","174.620290658","1362.2204549","96","450","63996","0","","0"
"86K6ZMDA0NJJH0","124","697793.4645465,3170523.62346428","7/18","133","WEST","07070001","PUNJABI BAGH","092","TILANGPUR KOTLA","7","18","0","AGRICULTURE","AGRICULTURE","7/18/0","P","14-05-2013","MCD","","","","","TILANG PUR KOTLA","WEST","PUNJABI BAGH","","","264.891695092","4160.81463239","96","450","63996","0","","0"
"86K75BDA0Z9MH0","125","697858.96935023,3170571.33492367","7/14/1","145","WEST","07070001","PUNJABI BAGH","092","TILANGPUR KOTLA","7","14/2","0","AGRICULTURE","AGRICULTURE","7/14/2","P","14-05-2013","MCD","Khasra Number Updated","","08.05.2017","","TILANG PUR KOTLA","WEST","PUNJABI BAGH","","26-03-2019","196.369292024","2176.10674918","96","450","63996","0","","0"
"86K6SUDA0QB4H0","126","698056.368909902,3170548.64127917","10/12","150","WEST","07070001","PUNJABI BAGH","092","TILANGPUR KOTLA","10","12","0","AGRICULTURE","AGRICULTURE","10/12/0","P","14-05-2013","MCD","","","","","TILANG PUR KOTLA","WEST","PUNJABI BAGH","","","262.390798617","4259.16827774","96","450","63996","0","","0"
"86K69ADA0MU2H0","127","697725.759529017,3170473.30733237","7/22/1/2","90","WEST","07070001","PUNJABI BAGH","092","TILANGPUR KOTLA","7","22","0","AGRICULTURE","AGRICULTURE","7/22/0","P","14-05-2013","MCD","","","","","TILANG PUR KOTLA","WEST","PUNJABI BAGH","","","237.495166866","3415.63384987","96","450","63996","0","","0"
"86K68TDA0M9DH0","128","697667.221737052,3170477.02192836","7/21/1/2","93","WEST","07070001","PUNJABI BAGH","092","TILANGPUR KOTLA","7","21","0","AGRICULTURE","AGRICULTURE","7/21/0","P","14-05-2013","MCD","Khasra Polygon Merged","","08.05.2017","","TILANG PUR KOTLA","WEST","PUNJABI BAGH","","26-03-2019","239.478179315","2843.360109","96","450","63996","0","","0"
"86K624DA0P08H0","129","697926.443210688,3170450.6011205","7/25/3","94","WEST","07070001","PUNJABI BAGH","092","TILANGPUR KOTLA","7","25","0","AGRICULTURE","AGRICULTURE","7/25/0","P","14-05-2013","MCD","","","","","TILANG PUR KOTLA","WEST","PUNJABI BAGH","","","236.905040863","3285.94950344","96","450","63996","0","","0"
"86K60CDA0PLGH0","130","697992.741183046,3170446.51608367","10/21/3","95","WEST","07070001","PUNJABI BAGH","092","TILANGPUR KOTLA","10","21","0","AGRICULTURE","AGRICULTURE","10/21/0","P","14-05-2013","MCD","","","","","TILANG PUR KOTLA","WEST","PUNJABI BAGH","","","241.293878958","3628.9373275","96","450","63996","0","","0"
"86K5SMDA0R95H0","131","698133.687651471,3170437.73607773","10/23/2","97","WEST","07070001","PUNJABI BAGH","092","TILANGPUR KOTLA","10","23/2","0","AGRICULTURE","AGRICULTURE","10/23/2","G","14-05-2013","MCD","Khasra Polygon Merged","","08.05.2017","","TILANG PUR KOTLA","WEST","PUNJABI BAGH","","26-03-2019","194.016128972","2270.97479598","96","450","63996","0","","0"
"86K6GYDA0ZURH0","132","697923.118394136,3170501.4546908","7/16/3","114","WEST","07070001","PUNJABI BAGH","092","TILANGPUR KOTLA","7","16","0","AGRICULTURE","AGRICULTURE","7/16/0","P","14-05-2013","MCD","","","","","TILANG PUR KOTLA","WEST","PUNJABI BAGH","","","232.285168251","3368.46635016","96","450","63996","0","","0"
"86K6EGDA0PL0H0","133","697990.636627775,3170497.2765205","10/20/4","115","WEST","07070001","PUNJABI BAGH","092","TILANGPUR KOTLA","10","20","0","AGRICULTURE","AGRICULTURE","10/20/0","P","14-05-2013","MCD","","","","","TILANG PUR KOTLA","WEST","PUNJABI BAGH","","","235.627848242","3224.0019496","96","450","63996","0","","0"
"86K70PDA0ZUAH0","134","697920.875372299,3170557.67974531","7/15/4","148","WEST","07070001","PUNJABI BAGH","092","TILANGPUR KOTLA","7","15","0","AGRICULTURE","AGRICULTURE","7/15/0","P","14-05-2013","MCD","","","","","TILANG PUR KOTLA","WEST","PUNJABI BAGH","","","255.913988817","4054.28825834","96","450","63996","0","","0"
"86K6UEDA0PKFH0","135","697987.87920545,3170551.9447601","10/11/2","149","WEST","07070001","PUNJABI BAGH","092","TILANGPUR KOTLA","10","11","0","AGRICULTURE","AGRICULTURE","10/11/0","P","14-05-2013","MCD","","","","","TILANG PUR KOTLA","WEST","PUNJABI BAGH","","","259.943728964","4195.8217958","96","450","63996","0","","0"
"86K6RPDA0R27H0","136","698126.459403486,3170545.81388904","10/13","152","WEST","07070001","PUNJABI BAGH","092","TILANGPUR KOTLA","10","13","0","AGRICULTURE","AGRICULTURE","10/13/0","P","14-05-2013","MCD","","","","","TILANG PUR KOTLA","WEST","PUNJABI BAGH","","","266.204844528","4375.05375518","96","450","63996","0","","0"
"86K6C8DA0QRMH0","137","698109.645939212,3170490.14370645","10/-999","8","WEST","07070001","PUNJABI BAGH","092","TILANGPUR KOTLA","10","19/1","0","WATER BODIES","WELL","10/19/1","P","14-05-2013","MCD","Khasra Number Updated","","08.05.2017","","TILANG PUR KOTLA","WEST","PUNJABI BAGH","","","42.2005285801","101.777771463","96","450","63996","0","","0"
"86K5TPDA0QC3H0","138","698061.092794412,3170441.38661463","10/22","96","WEST","07070001","PUNJABI BAGH","092","TILANGPUR KOTLA","10","22","0","AGRICULTURE","AGRICULTURE","10/22/0","G","14-05-2013","MCD","Khasra Polygon Merged","","08.05.2017","","TILANG PUR KOTLA","WEST","PUNJABI BAGH","","","243.962292144","3631.00887961","96","450","63996","0","","0"
"86K729DA0RYBH0","139","698188.682788678,3170546.45434764","10/14","156","WEST","07070001","PUNJABI BAGH","092","TILANGPUR KOTLA","10","14","0","AGRICULTURE","AGRICULTURE","10/14/0","G","14-05-2013","MCD","","","","","TILANG PUR KOTLA","WEST","PUNJABI BAGH","","","339.708147547","3784.85640976","96","450","63996","0","","0"
"86K7KQDA0QAZH0","140","698053.924558991,3170630.44686296","10/9","163","WEST","07070001","PUNJABI BAGH","092","TILANGPUR KOTLA","10","9","0","AGRICULTURE","AGRICULTURE","10/9/0","P","14-05-2013","MCD","","","","","TILANG PUR KOTLA","WEST","PUNJABI BAGH","","","344.394670252","7102.20788608","96","450","63996","0","","0"
"86K7T3DA0QUBH0","141","698118.013066932,3170636.02288594","10/8","176","WEST","07070001","PUNJABI BAGH","092","TILANGPUR KOTLA","10","8","0","AGRICULTURE","AGRICULTURE","10/8/0","G","14-05-2013","MCD","","","","","TILANG PUR KOTLA","WEST","PUNJABI BAGH","","","425.97979615","7632.95702536","96","450","63996","0","","0"
"86K8H5DA0QBMH0","142","698055.729549428,3170722.70971332","10/2","190","WEST","07070001","PUNJABI BAGH","092","TILANGPUR KOTLA","10","2","0","AGRICULTURE","AGRICULTURE","10/2/0","G","14-05-2013","MCD","","","","","TILANG PUR KOTLA","WEST","PUNJABI BAGH","","","296.754019844","5873.65045249","96","450","63996","0","","0"
"86K7Q4DA0ZT1H0","143","697913.318373939,3170634.71312573","7/6/2","174","WEST","07070001","PUNJABI BAGH","092","TILANGPUR KOTLA","7","6","0","AGRICULTURE","AGRICULTURE","7/6/0","P","14-05-2013","MCD","","","","","TILANG PUR KOTLA","WEST","PUNJABI BAGH","","26-03-2019","386.019104204","7776.58041591","96","450","63996","0","","0"
"86K7MHDA0PK1H0","144","697984.960981839,3170634.80624895","10/10/2","164","WEST","07070001","PUNJABI BAGH","092","TILANGPUR KOTLA","10","10","0","AGRICULTURE","AGRICULTURE","10/10/0","P","14-05-2013","MCD","","","","","TILANG PUR KOTLA","WEST","PUNJABI BAGH","","","341.928118063","7008.64370604","96","450","63996","0","","0"
"86K648DA0S07H0","145","698214.116298503,3170460.1679764","10/19/3","1","WEST","07070001","PUNJABI BAGH","092","TILANGPUR KOTLA","0","19","0","WATER BODIES","TANKPOND LAKE","19","G(POND)","14-05-2013","MCD","Khasra Number Updated","","08.05.2017","","TILANG PUR KOTLA","WEST","PUNJABI BAGH","","","324.871337522","6816.26887778","96","450","63996","0","","0"
"86K8DADA0PM2H0","146","697990.508905401,3170707.46912988","10/1","175","WEST","07070001","PUNJABI BAGH","092","TILANGPUR KOTLA","10","1","0","AGRICULTURE","AGRICULTURE","10/1/0","G","14-05-2013","MCD","","","","","TILANG PUR KOTLA","WEST","PUNJABI BAGH","","","225.407300711","2670.36753319","96","450","63996","0","","0"
"86K683DA0T64H0","147","698335.175893115,3170479.53685414","11/20/2","105","WEST","07070001","PUNJABI BAGH","092","TILANGPUR KOTLA","11","20/2","0","AGRICULTURE","AGRICULTURE","11/20/2","P","14-05-2013","MCD","Khasra Number Updated","","08.05.2017","","TILANG PUR KOTLA","WEST","PUNJABI BAGH","","","172.902187286","1372.04876618","96","450","63996","0","","0"
"86K6FADA0T68H0","148","698335.927080297,3170504.58902743","11/20/1","122","WEST","07070001","PUNJABI BAGH","092","TILANGPUR KOTLA","11","20/1","0","AGRICULTURE","AGRICULTURE","11/20/1","G","14-05-2013","MCD","Khasra Number Updated","","08.05.2017","","TILANG PUR KOTLA","WEST","PUNJABI BAGH","","","185.367782126","1893.13543854","96","450","63996","0","","0"
"86K6CNDA0TMEH0","149","698386.088412734,3170496.78240407","11/19/2","124","WEST","07070001","PUNJABI BAGH","092","TILANGPUR KOTLA","11","19/2","0","AGRICULTURE","AGRICULTURE","11/19/2","P","14-05-2013","MCD","Khasra Number Updated","","08.05.2017","","TILANG PUR KOTLA","WEST","PUNJABI BAGH","","","173.948651373","1835.31678128","96","450","63996","0","","0"
"86K6D2DA0U2YH0","150","698421.539624652,3170498.59467865","11/19/1","125","WEST","07070001","PUNJABI BAGH","092","TILANGPUR KOTLA","11","19/1","1","AGRICULTURE","AGRICULTURE","11/19/1","P","14-05-2013","MCD","Khasra Number Updated","","08.05.2017","","TILANG PUR KOTLA","WEST","PUNJABI BAGH","","","170.294413477","1747.74662568","96","450","63996","0","","0"
"86K6E6DA0UJ2H0","151","698473.158953891,3170503.20300013","11/18","126","WEST","07070001","PUNJABI BAGH","092","TILANGPUR KOTLA","11","18","0","AGRICULTURE","AGRICULTURE","11/18/0","P","14-05-2013","MCD","","","","","TILANG PUR KOTLA","WEST","PUNJABI BAGH","","","236.852447132","3329.69812831","96","450","63996","0","","0"
"86K6M6DA0T8UH0","152","698342.830641892,3170529.13630506","11/11/2","132","WEST","07070001","PUNJABI BAGH","092","TILANGPUR KOTLA","11","11/2","0","AGRICULTURE","AGRICULTURE","11/11/2","G","14-05-2013","MCD","Khasra Number Updated","","08.05.2017","","TILANG PUR KOTLA","WEST","PUNJABI BAGH","","","145.713352238","974.627644386","96","450","63996","0","","0"
"86K6UBDA0TD5H0","153","698354.256572197,3170555.66043665","11/11/1","141","WEST","07070001","PUNJABI BAGH","092","TILANGPUR KOTLA","11","11/1","0","AGRICULTURE","AGRICULTURE","11/11/1","G","14-05-2013","MCD","Khasra Number Updated","","08.05.2017","","TILANG PUR KOTLA","WEST","PUNJABI BAGH","","","137.565429917","908.380602387","96","450","63996","0","","0"
"86K6S2DA0TZCH0","154","698391.232301954,3170551.09641642","11/12/1","142","WEST","07070001","PUNJABI BAGH","092","TILANGPUR KOTLA","11","12/1","0","AGRICULTURE","AGRICULTURE","11/12/1","P","14-05-2013","MCD","Khasra Number Updated","","08.05.2017","","TILANG PUR KOTLA","WEST","PUNJABI BAGH","","","209.869265746","2725.96756797","96","450","63996","0","","0"
"86K6SGDA0U4FH0","155","698426.704356824,3170553.13630507","11/12/2","143","WEST","07070001","PUNJABI BAGH","092","TILANGPUR KOTLA","11","12/2","0","AGRICULTURE","AGRICULTURE","11/12/2","G","14-05-2013","MCD","Khasra Number Updated","","08.05.2017","","TILANG PUR KOTLA","WEST","PUNJABI BAGH","","","163.431699804","1372.39357583","96","450","63996","0","","0"
"86K6SVDA0UDFH0","156","698454.857147417,3170555.35600394","11/13/1","144","WEST","07070001","PUNJABI BAGH","092","TILANGPUR KOTLA","11","13/1","0","AGRICULTURE","AGRICULTURE","11/13/1","G","14-05-2013","MCD","Khasra Number Updated","","08.05.2017","","TILANG PUR KOTLA","WEST","PUNJABI BAGH","","","182.828219729","1917.50740987","96","450","63996","0","","0"
"86K6TGDA0UZBH0","157","698488.693454717,3170558.10539169","11/13/2","146","WEST","07070001","PUNJABI BAGH","092","TILANGPUR KOTLA","11","13/2","0","AGRICULTURE","AGRICULTURE","11/13/2","P","14-05-2013","MCD","Khasra Number Updated","","08.05.2017","","TILANG PUR KOTLA","WEST","PUNJABI BAGH","","","187.424766059","2057.71318947","96","450","63996","0","","0"
"86K6U8DA0V19H0","158","698514.319368684,3170561.29953765","11/14/1","147","WEST","07070001","PUNJABI BAGH","092","TILANGPUR KOTLA","11","14/1","0","AGRICULTURE","AGRICULTURE","11/14/1","P","14-05-2013","MCD","Khasra Number Updated","","08.05.2017","","TILANG PUR KOTLA","WEST","PUNJABI BAGH","","","146.322640204","906.763397907","96","450","63996","0","","0"
"86K5SUDA0T61H0","159","698335.551745997,3170442.83840529","11/21/3","99","WEST","07070001","PUNJABI BAGH","092","TILANGPUR KOTLA","11","21","0","AGRICULTURE","AGRICULTURE","11/21/0","P","14-05-2013","MCD","","","","","TILANG PUR KOTLA","WEST","PUNJABI BAGH","","","235.32339702","3418.66580138","96","450","63996","0","","0"
"86K5TUDA0TSVH0","160","698403.749323881,3170447.12144516","11/22/2","100","WEST","07070001","PUNJABI BAGH","092","TILANGPUR KOTLA","11","22/2","0","AGRICULTURE","AGRICULTURE","11/22/2","P","14-05-2013","MCD","Khasra Polygon Merged","","08.05.2017","","TILANG PUR KOTLA","WEST","PUNJABI BAGH","","26-03-2019","231.857099844","3264.68910433","96","450","63996","0","","0"
"86K600DA0UJ1H0","161","698474.143904903,3170452.91419535","11/23/1","101","WEST","07070001","PUNJABI BAGH","092","TILANGPUR KOTLA","11","23","0","AGRICULTURE","AGRICULTURE","11/23/0","GP","14-05-2013","MCD","","","","","TILANG PUR KOTLA","WEST","PUNJABI BAGH","","","240.756314391","3574.55764476","96","450","63996","0","","0"
"86K6C9DA0V43H0","162","698523.885319436,3170496.95666896","11/17/1","7","WEST","07070001","PUNJABI BAGH","092","TILANGPUR KOTLA","11","17/1","0","WATER BODIES","WELL","11/17/1","G","14-05-2013","MCD","","","","","TILANG PUR KOTLA","WEST","PUNJABI BAGH","","","39.6252285952","97.8239182401","96","450","63996","0","","0"
"86K6FVDA0V9MH0","163","698542.044373016,3170511.38996587","11/17/2/1","127","WEST","07070001","PUNJABI BAGH","092","TILANGPUR KOTLA","11","17/2","0","AGRICULTURE","AGRICULTURE","11/17/2","G","14-05-2013","MCD","","","","","TILANG PUR KOTLA","WEST","PUNJABI BAGH","","26-03-2019","277.723662329","3324.39863844","96","450","63996","0","","0"
"86K86BDA0S4EH0","164","698232.255638205,3170685.38279403","10/-999","21","WEST","07070001","PUNJABI BAGH","092","TILANGPUR KOTLA","15","1","0","ABADI","ABADI","1","ABADI","14-05-2013","MCD","Khasra polygon newly created","","08.05.2017","","TILANG PUR KOTLA","WEST","PUNJABI BAGH","","","973.324070901","53563.7369312","96","450","63996","0","","0"
"86K61JDA0V9NH0","165","698542.425796864,3170459.9973427","11/24","102","WEST","07070001","PUNJABI BAGH","092","TILANGPUR KOTLA","11","24","0","AGRICULTURE","AGRICULTURE","11/24/0","G","14-05-2013","MCD","","","","","TILANG PUR KOTLA","WEST","PUNJABI BAGH","","","240.76097079","3556.01424231","96","450","63996","0","","0"
"86K63UDA100YH0","166","698611.602971627,3170468.8885063","11/25","103","WEST","07070001","PUNJABI BAGH","092","TILANGPUR KOTLA","11","25","0","AGRICULTURE","AGRICULTURE","11/25/0","G","14-05-2013","MCD","","","","","TILANG PUR KOTLA","WEST","PUNJABI BAGH","","","244.776663956","3614.60685838","96","450","63996","0","","0"
"86K66TDA10L3H0","167","698679.519203017,3170483.14327677","12/21/1","104","WEST","07070001","PUNJABI BAGH","092","TILANGPUR KOTLA","12","21","0","AGRICULTURE","AGRICULTURE","12/21/0","G","14-05-2013","MCD","Khasra Number Updated","","08.05.2017","","TILANG PUR KOTLA","WEST","PUNJABI BAGH","","","268.532165508","3238.49898878","96","450","63996","0","","0"
"86K6DMDA100YH0","168","698610.106072218,3170504.37507405","11/16/2","106","WEST","07070001","PUNJABI BAGH","092","TILANGPUR KOTLA","11","16/2","0","AGRICULTURE","AGRICULTURE","11/16/2","G","14-05-2013","MCD","Khasra Number Updated","","08.05.2017","","TILANG PUR KOTLA","WEST","PUNJABI BAGH","","","179.37867126","1367.37955172","96","450","63996","0","","0"
"86K6K9DA118MH0","169","698736.052816553,3170531.78947068","12/14/2","111","WEST","07070001","PUNJABI BAGH","092","TILANGPUR KOTLA","12","19/2","0","AGRICULTURE","AGRICULTURE","12/19/2","G","14-05-2013","MCD","Khasra Number Updated","","08.05.2017","","TILANG PUR KOTLA","WEST","PUNJABI BAGH","","","175.64793613","1490.24940362","96","450","63996","0","","0"
"86K6LHDA1060H0","170","698611.012638569,3170529.59622235","11/16/1","128","WEST","07070001","PUNJABI BAGH","092","TILANGPUR KOTLA","11","16/1/2","0","AGRICULTURE","AGRICULTURE","11/16/1/2","G","14-05-2013","MCD","Khasra Number Updated","","08.05.2017","","TILANG PUR KOTLA","WEST","PUNJABI BAGH","","26-03-2019","134.569550043","1124.3544507","96","450","63996","0","","0"
"86K6KRDA10MDH0","171","698678.793951801,3170530.16419076","12/15","129","WEST","07070001","PUNJABI BAGH","092","TILANGPUR KOTLA","12","20","0","AGRICULTURE","AGRICULTURE","12/20/0","G","14-05-2013","MCD","","","","","TILANG PUR KOTLA","WEST","PUNJABI BAGH","","","235.415231578","3339.42817019","96","450","63996","0","","0"
"86K6S4DA11DDH0","172","698750.076763637,3170556.99498636","12/14/1","130","WEST","07070001","PUNJABI BAGH","092","TILANGPUR KOTLA","12","19/1","0","AGRICULTURE","AGRICULTURE","12/19/1","G","14-05-2013","MCD","Khasra Number Updated","","08.05.2017","","TILANG PUR KOTLA","WEST","PUNJABI BAGH","","","194.996367424","1436.57644068","96","450","63996","0","","0"
"86K70DDA104CH0","173","698621.202966503,3170567.88156754","11/15/1","134","WEST","07070001","PUNJABI BAGH","092","TILANGPUR KOTLA","11","15/1","0","WATER BODIES","WELL","11/15/1","G","14-05-2013","MCD","Khasra Number Updated","","08.05.2017","","TILANG PUR KOTLA","WEST","PUNJABI BAGH","","","43.9863646591","119.268528686","96","450","63996","0","","0"
"86K7LKDA0VA1H0","174","698540.131227097,3170642.46718245","11/7","159","WEST","07070001","PUNJABI BAGH","092","TILANGPUR KOTLA","11","7","0","AGRICULTURE","AGRICULTURE","11/7/0","P","14-05-2013","MCD","","","","","TILANG PUR KOTLA","WEST","PUNJABI BAGH","","","304.185940929","5697.58988039","96","450","63996","0","","0"
"86K7KLDA0UJZH0","175","698472.838707802,3170637.89250812","11/8","160","WEST","07070001","PUNJABI BAGH","092","TILANGPUR KOTLA","11","8","0","AGRICULTURE","AGRICULTURE","11/8/0","P","14-05-2013","MCD","","","","","TILANG PUR KOTLA","WEST","PUNJABI BAGH","","","315.613663887","6110.905302","96","450","63996","0","","0"
"86K7KBDA0U7AH0","176","698434.191178286,3170635.46536308","11/9/1","161","WEST","07070001","PUNJABI BAGH","092","TILANGPUR KOTLA","11","9/1","0","AGRICULTURE","AGRICULTURE","11/9/1","P","14-05-2013","MCD","Khasra Number Updated","","08.05.2017","","TILANG PUR KOTLA","WEST","PUNJABI BAGH","","","201.834194921","864.20146495","96","450","63996","0","","0"
"86K8GGDA0VAZH0","177","698541.679578054,3170734.52596498","11/4/2","180","WEST","07070001","PUNJABI BAGH","092","TILANGPUR KOTLA","11","4/2","0","AGRICULTURE","AGRICULTURE","11/4/2","P","14-05-2013","MCD","Khasra Number Updated","","08.05.2017","","TILANG PUR KOTLA","WEST","PUNJABI BAGH","","","376.009856695","6188.01340227","96","450","63996","0","","0"
"86K8FKDA0UKMH0","178","698474.462802886,3170729.54654923","11/3","183","WEST","07070001","PUNJABI BAGH","092","TILANGPUR KOTLA","11","3","0","AGRICULTURE","AGRICULTURE","11/3/0","P","14-05-2013","MCD","","","","","TILANG PUR KOTLA","WEST","PUNJABI BAGH","","","323.20306638","6316.59053381","96","450","63996","0","","0"
"86K8F8DA0TTVH0","179","698405.815683739,3170726.96601204","11/2","187","WEST","07070001","PUNJABI BAGH","092","TILANGPUR KOTLA","11","2","0","AGRICULTURE","AGRICULTURE","11/2/0","P","14-05-2013","MCD","","","","","TILANG PUR KOTLA","WEST","PUNJABI BAGH","","","324.767316192","6462.83822615","96","450","63996","0","","0"
"86K8F4DA0TAFH0","180","698344.099620022,3170734.16389825","11/1","189","WEST","07070001","PUNJABI BAGH","092","TILANGPUR KOTLA","11","1","0","AGRICULTURE","AGRICULTURE","11/1/0","P","14-05-2013","MCD","","","","","TILANG PUR KOTLA","WEST","PUNJABI BAGH","","","286.726995027","4421.67432357","96","450","63996","0","","0"
"86K95HDA0UPKH0","181","698488.479053598,3170805.82639301","3/23/2","200","WEST","07070001","PUNJABI BAGH","092","TILANGPUR KOTLA","3","23/2","0","AGRICULTURE","AGRICULTURE","3/23/2","P","14-05-2013","MCD","","","","","TILANG PUR KOTLA","WEST","PUNJABI BAGH","","","191.537457802","2215.71542447","96","450","63996","0","","0"
"86K958DA0UETH0","182","698455.110008293,3170803.88147627","3/23/1","201","WEST","07070001","PUNJABI BAGH","092","TILANGPUR KOTLA","3","23/1","0","AGRICULTURE","AGRICULTURE","3/23/1","G","14-05-2013","MCD","","","","","TILANG PUR KOTLA","WEST","PUNJABI BAGH","","","169.699809473","1583.3121313","96","450","63996","0","","0"
"86K951DA0U51H0","183","698424.195691074,3170802.47733342","3/22/2","202","WEST","07070001","PUNJABI BAGH","092","TILANGPUR KOTLA","3","22/2","0","AGRICULTURE","AGRICULTURE","3/22/2","P","14-05-2013","MCD","Khasra Number Updated","","08.05.2017","","TILANG PUR KOTLA","WEST","PUNJABI BAGH","","","182.617171034","1951.3555185","96","450","63996","0","","0"
"86K94RDA0TPCH0","184","698390.111577244,3170801.24714604","3/22/1","203","WEST","07070001","PUNJABI BAGH","092","TILANGPUR KOTLA","3","22/1","0","AGRICULTURE","AGRICULTURE","3/22/1","P","14-05-2013","MCD","Khasra Number Updated","","08.05.2017","","TILANG PUR KOTLA","WEST","PUNJABI BAGH","","","182.392197087","1943.74946139","96","450","63996","0","","0"
"86K94HDA0T9JH0","185","698340.689824926,3170799.46233331","3/21","204","WEST","07070001","PUNJABI BAGH","092","TILANGPUR KOTLA","3","21","0","AGRICULTURE","AGRICULTURE","3/21/0","P","14-05-2013","MCD","","","","","TILANG PUR KOTLA","WEST","PUNJABI BAGH","","","244.081028636","3705.71775556","96","450","63996","0","","0"
"86K94GDA0SZHH0","186","698286.814069679,3170805.29230286","4/25","205","WEST","07070001","PUNJABI BAGH","092","TILANGPUR KOTLA","4","25","0","AGRICULTURE","AGRICULTURE","4/25/0","P","14-05-2013","MCD","","","","","TILANG PUR KOTLA","WEST","PUNJABI BAGH","","","210.08535873","2103.18367883","96","450","63996","0","","0"
"86K9LHDA0UL6H0","187","698473.734174415,3170861.95341664","3/18","219","WEST","07070001","PUNJABI BAGH","092","TILANGPUR KOTLA","3","18","0","AGRICULTURE","AGRICULTURE","3/18/0","G","14-05-2013","MCD","","","","","TILANG PUR KOTLA","WEST","PUNJABI BAGH","","","248.500593596","3833.22603584","96","450","63996","0","","0"
"86K9L0DA0TV0H0","188","698406.623159755,3170859.2636202","3/19","220","WEST","07070001","PUNJABI BAGH","092","TILANGPUR KOTLA","3","19","0","AGRICULTURE","AGRICULTURE","3/19/0","P","14-05-2013","MCD","","","","","TILANG PUR KOTLA","WEST","PUNJABI BAGH","","","249.65489191","3861.14847004","96","450","63996","0","","0"
"86K9KTDA0TA2H0","189","698341.25778753,3170857.38758086","3/20","221","WEST","07070001","PUNJABI BAGH","092","TILANGPUR KOTLA","3","20","0","AGRICULTURE","AGRICULTURE","3/20/0","P","14-05-2013","MCD","","","","","TILANG PUR KOTLA","WEST","PUNJABI BAGH","","","245.036606488","3743.59229379","96","450","63996","0","","0"
"86K9KPDA0SG5H0","190","698265.141875493,3170856.89670906","4/16","222","WEST","07070001","PUNJABI BAGH","092","TILANGPUR KOTLA","4","16","0","AGRICULTURE","AGRICULTURE","4/16/0","P","14-05-2013","MCD","","","","","TILANG PUR KOTLA","WEST","PUNJABI BAGH","","","289.224460791","5056.07940908","96","450","63996","0","","0"
"86KA6FDA0TV1H0","191","698405.781743813,3170918.20559203","3/12","231","WEST","07070001","PUNJABI BAGH","092","TILANGPUR KOTLA","3","12","0","AGRICULTURE","AGRICULTURE","3/12/0","G","14-05-2013","MCD","","","","","TILANG PUR KOTLA","WEST","PUNJABI BAGH","","","253.391631729","4003.62561054","96","450","63996","0","","0"
"86KA6NDA0UMDH0","192","698476.795071087,3170917.88156714","3/13","232","WEST","07070001","PUNJABI BAGH","092","TILANGPUR KOTLA","3","13","0","AGRICULTURE","AGRICULTURE","3/13/0","G","14-05-2013","MCD","","","","","TILANG PUR KOTLA","WEST","PUNJABI BAGH","","","280.803657757","4417.46611274","96","450","63996","0","","0"
"86KA9QDA0TACH0","193","698344.04756318,3170920.15458575","3/11","235","WEST","07070001","PUNJABI BAGH","092","TILANGPUR KOTLA","3","11","0","AGRICULTURE","AGRICULTURE","3/11/0","P","14-05-2013","MCD","","","","","TILANG PUR KOTLA","WEST","PUNJABI BAGH","","","267.821723627","4101.2964306","96","450","63996","0","","0"
"86KANVDA0U1LH0","194","698408.993821274,3170971.84350768","3/9","244","WEST","07070001","PUNJABI BAGH","092","TILANGPUR KOTLA","3","9","0","AGRICULTURE","AGRICULTURE","3/9/0","G","14-05-2013","MCD","","","","","TILANG PUR KOTLA","WEST","PUNJABI BAGH","","","231.502585322","2898.66722449","96","450","63996","0","","0"
"86KAZTDA0UEZH0","195","698454.701122183,3170975.6635497","3/8","245","WEST","07070001","PUNJABI BAGH","092","TILANGPUR KOTLA","3","8","0","AGRICULTURE","AGRICULTURE","3/8/0","G","14-05-2013","MCD","","","","","TILANG PUR KOTLA","WEST","PUNJABI BAGH","","","209.104008549","2039.9562671","96","450","63996","0","","0"
"86K701DA0VC9H0","196","698548.72433807,3170565.28316517","11/14/2/1","151","WEST","07070001","PUNJABI BAGH","092","TILANGPUR KOTLA","11","14/2","0","AGRICULTURE","AGRICULTURE","11/14/2","GP","14-05-2013","MCD","Khasra Number Updated","","08.05.2017","","TILANG PUR KOTLA","WEST","PUNJABI BAGH","","","220.55243368","3013.84625471","96","450","63996","0","","0"
"86K722DA0VRSH0","197","698609.097109156,3170573.40895169","11/15/2/1","153","WEST","07070001","PUNJABI BAGH","092","TILANGPUR KOTLA","11","15/2","0","AGRICULTURE","AGRICULTURE","11/15/2","GP","14-05-2013","MCD","Khasra Number Updated","","08.05.2017","","TILANG PUR KOTLA","WEST","PUNJABI BAGH","","","295.99310131","3798.56569726","96","450","63996","0","","0"
"86K7ZADA10K3H0","198","698669.880529129,3170648.59991298","12/10/1","157","WEST","07070001","PUNJABI BAGH","092","TILANGPUR KOTLA","12","10","0","AGRICULTURE","AGRICULTURE","12/10/0","GP","14-05-2013","MCD","","","","","TILANG PUR KOTLA","WEST","PUNJABI BAGH","","","274.039301633","3856.49647761","96","450","63996","0","","0"
"86K7N7DA100DH0","199","698607.864470621,3170649.12110115","11/6/1","158","WEST","07070001","PUNJABI BAGH","092","TILANGPUR KOTLA","11","6","0","AGRICULTURE","AGRICULTURE","11/6/0","GP","14-05-2013","MCD","","","","","TILANG PUR KOTLA","WEST","PUNJABI BAGH","","","305.215939234","5663.96913984","96","450","63996","0","","0"
"86K7JTDA0TTLH0","200","698400.88228133,3170633.22312931","11/9/2/2","162","WEST","07070001","PUNJABI BAGH","092","TILANGPUR KOTLA","11","9/2","0","AGRICULTURE","AGRICULTURE","11/9/2","GP","14-05-2013","MCD","Khasra Number Updated","","08.05.2017","","TILANG PUR KOTLA","WEST","PUNJABI BAGH","","","350.963047853","5171.13174835","96","450","63996","0","","0"
"86K8GSDA0VV3H0","201","698605.437447509,3170731.44568446","11/5/2/2","177","WEST","07070001","PUNJABI BAGH","092","TILANGPUR KOTLA","11","5","0","AGRICULTURE","AGRICULTURE","11/5/0","GP","14-05-2013","MCD","","","","","TILANG PUR KOTLA","WEST","PUNJABI BAGH","","","325.994283559","5754.11316947","96","450","63996","0","","0"
"86K969DA0VFFH0","202","698552.932755036,3170808.70616313","3/24/2","199","WEST","07070001","PUNJABI BAGH","092","TILANGPUR KOTLA","3","24","0","AGRICULTURE","AGRICULTURE","3/24/0","GP","14-05-2013","MCD","","","","","TILANG PUR KOTLA","WEST","PUNJABI BAGH","","","290.923030588","4885.7286837","96","450","63996","0","","0"
"86K9LUDA0V8RH0","203","698533.708749111,3170860.92551117","3/17/2","218","WEST","07070001","PUNJABI BAGH","092","TILANGPUR KOTLA","3","17","0","AGRICULTURE","AGRICULTURE","3/17/0","GP","14-05-2013","MCD","","","","","TILANG PUR KOTLA","WEST","PUNJABI BAGH","","","227.094647561","2841.8981826","96","450","63996","0","","0"
"86K74DDA10M2H0","204","698676.664395763,3170583.24727898","12/11","154","WEST","07070001","PUNJABI BAGH","092","TILANGPUR KOTLA","12","11","0","AGRICULTURE","AGRICULTURE","12/11/0","G","14-05-2013","MCD","","","","","TILANG PUR KOTLA","WEST","PUNJABI BAGH","","","245.720631137","3725.15222397","96","450","63996","0","","0"
"86K75ZDA1172H0","205","698731.173484184,3170582.12766958","12/12","155","WEST","07070001","PUNJABI BAGH","092","TILANGPUR KOTLA","12","12","0","AGRICULTURE","AGRICULTURE","12/12/0","G","14-05-2013","MCD","","","","","TILANG PUR KOTLA","WEST","PUNJABI BAGH","","","200.387365855","1731.95541622","96","450","63996","0","","0"
"86K826DA0TCBH0","206","698389.444563973,3170637.80502977","11/17/2/1","18","WEST","07070001","PUNJABI BAGH","092","TILANGPUR KOTLA","0","16","0","TRANSPORT","ROAD WORKING","16","G(ROAD)","14-05-2013","MCD","Khasra Number Updated","","08.05.2017","","TILANG PUR KOTLA","WEST","PUNJABI BAGH","","","1684.65349463","5067.44286093","96","450","63996","0","","0"
"86K87KDA0V48H0","207","698521.958161663,3170702.08931171","11/4/1","10","WEST","07070001","PUNJABI BAGH","092","TILANGPUR KOTLA","11","4/1","0","WATER BODIES","WELL","11/4/1","P","14-05-2013","MCD","Khasra Number Updated","","08.05.2017","","TILANG PUR KOTLA","WEST","PUNJABI BAGH","","","51.1090925899","163.871055218","96","450","63996","0","","0"
"86KA41DA0SPAH0","208","698283.474393403,3170900.14002326","4/15","224","WEST","07070001","PUNJABI BAGH","092","TILANGPUR KOTLA","4","15","0","AGRICULTURE","AGRICULTURE","4/15/0","P","14-05-2013","MCD","","","","","TILANG PUR KOTLA","WEST","PUNJABI BAGH","","","215.189195724","1776.63043054","96","450","63996","0","","0"
"86K9UFDA0QCHH0","209","698055.532883891,3170886.60708486","4/12/2","13","WEST","07070001","PUNJABI BAGH","092","TILANGPUR KOTLA","4","12/1","0","WATER BODIES","WELL","4/12/1","P","14-05-2013","MCD","Khasra Number Updated","","08.05.2017","","TILANG PUR KOTLA","WEST","PUNJABI BAGH","","","35.9684641201","78.0944145409","96","450","63996","0","","0"
"86KAMCDA0QZZH0","210","698091.988782026,3170969.4322357","4/9/1","14","WEST","07070001","PUNJABI BAGH","092","TILANGPUR KOTLA","4","9/1","0","WATER BODIES","WELL","4/9/1","P","14-05-2013","MCD","Khasra Number Updated","","08.05.2017","","TILANG PUR KOTLA","WEST","PUNJABI BAGH","","","66.6792101545","269.309375964","96","450","63996","0","","0"
"86KASKDA0SBYH0","211","698245.42747288,3170994.08964931","4/6/1","15","WEST","07070001","PUNJABI BAGH","092","TILANGPUR KOTLA","4","6/1","0","WATER BODIES","WELL","4/6/1","P","14-05-2013","MCD","Khasra Number Updated","","08.05.2017","","TILANG PUR KOTLA","WEST","PUNJABI BAGH","","","62.0647349797","232.061953083","96","450","63996","0","","0"
"86K8PHDA0PRVH0","212","698007.655023451,3170743.47600815","7/-999","19","WEST","07070001","PUNJABI BAGH","092","TILANGPUR KOTLA","0","20","0","TRANSPORT","ROAD WORKING","20","G(ROAD)","14-05-2013","MCD","Khasra Number Updated","","08.05.2017","","TILANG PUR KOTLA","WEST","PUNJABI BAGH","","","2054.15012547","23969.3180355","96","450","63996","0","","0"
"86KBGVDA0RJ1H0","213","698170.830972735,3171051.5706565","1/-999","20","WEST","07070001","PUNJABI BAGH","092","TILANGPUR KOTLA","0","21","0","TRANSPORT","ROAD WORKING","21","G(ROAD)","14-05-2013","MCD","Khasra Number Updated","","08.05.2017","","TILANG PUR KOTLA","WEST","PUNJABI BAGH","","","763.541364901","1829.19604784","96","450","63996","0","","0"
"86K967DA0Q6CH0","214","698037.846812533,3170800.5548175","4/22/2","192","WEST","07070001","PUNJABI BAGH","092","TILANGPUR KOTLA","4","22/2","0","AGRICULTURE","AGRICULTURE","4/22/2","P","14-05-2013","MCD","Khasra Number Updated","","08.05.2017","","TILANG PUR KOTLA","WEST","PUNJABI BAGH","","25-03-2019","129.323290947","569.81281575","96","450","63996","0","","0"
"86K90QDA0PK0H0","215","697982.876449253,3170791.21710658","4/21/1","198","WEST","07070001","PUNJABI BAGH","092","TILANGPUR KOTLA","4","21","1","AGRICULTURE","AGRICULTURE","4/21/0","P","14-05-2013","MCD","Khasra Number Updated","","08.05.2017","","TILANG PUR KOTLA","WEST","PUNJABI BAGH","","25-03-2019","259.725647613","3657.78620721","96","450","63996","0","","0"
"86K9C0DA0QCFH0","216","698051.33763774,3170816.67873099","4/22/1","206","WEST","07070001","PUNJABI BAGH","092","TILANGPUR KOTLA","4","19/4","0","AGRICULTURE","AGRICULTURE","4/19/4","P","14-05-2013","MCD","Khasra Number Updated","","08.05.2017","","TILANG PUR KOTLA","WEST","PUNJABI BAGH","","25-03-2019","165.985043167","759.031457392","96","450","63996","0","","0"
"86K9FADA0QDKH0","217","698059.645455519,3170832.72850783","4/19/3","207","WEST","07070001","PUNJABI BAGH","092","TILANGPUR KOTLA","4","19/3","0","AGRICULTURE","AGRICULTURE","4/19/3","P","14-05-2013","MCD","Khasra Number Updated","","08.05.2017","","TILANG PUR KOTLA","WEST","PUNJABI BAGH","","","174.634383547","939.210365882","96","450","63996","0","","0"
"86K9JVDA0QDUH0","218","698060.005479861,3170849.49978509","4/19/2","208","WEST","07070001","PUNJABI BAGH","092","TILANGPUR KOTLA","4","19/2","0","AGRICULTURE","AGRICULTURE","4/19/2","P","14-05-2013","MCD","Khasra Number Updated","","08.05.2017","","TILANG PUR KOTLA","WEST","PUNJABI BAGH","","","190.34032603","1556.52546799","96","450","63996","0","","0"
"86K9JEDA0PMFH0","219","697990.069635873,3170847.77558639","4/20/2","215","WEST","07070001","PUNJABI BAGH","092","TILANGPUR KOTLA","4","20/2","0","AGRICULTURE","AGRICULTURE","4/20/2","P","14-05-2013","MCD","Khasra Number Updated","","08.05.2017","","TILANG PUR KOTLA","WEST","PUNJABI BAGH","","","275.1707501","3788.84896601","96","450","63996","0","","0"
"86K9P0DA0QE8H0","220","698061.02276418,3170867.58624784","4/19/1","216","WEST","07070001","PUNJABI BAGH","092","TILANGPUR KOTLA","4","19/1","0","AGRICULTURE","AGRICULTURE","4/19/1","P","14-05-2013","MCD","Khasra Number Updated","","08.05.2017","","TILANG PUR KOTLA","WEST","PUNJABI BAGH","","","185.31073296","1112.73712567","96","450","63996","0","","0"
"86K9KADA0R1AH0","221","698125.393608808,3170858.23842097","4/18","209","WEST","07070001","PUNJABI BAGH","092","TILANGPUR KOTLA","4","13/2","0","AGRICULTURE","AGRICULTURE","4/13/2","P","14-05-2013","MCD","Khasra Number Updated","","08.05.2017","","TILANG PUR KOTLA","WEST","PUNJABI BAGH","","","218.960661073","1932.09467837","96","450","63996","0","","0"
"86KA46DA0R7QH0","222","698137.376976489,3170906.40097878","4/13/1","225","WEST","07070001","PUNJABI BAGH","092","TILANGPUR KOTLA","4","13/1","0","AGRICULTURE","AGRICULTURE","4/13/1","P","14-05-2013","MCD","Khasra Number Updated","","08.05.2017","","TILANG PUR KOTLA","WEST","PUNJABI BAGH","","","269.565541509","4537.88724257","96","450","63996","0","","0"
"86KA4NDA0QFYH0","223","698064.316896916,3170906.49175386","4/12/1","226","WEST","07070001","PUNJABI BAGH","092","TILANGPUR KOTLA","4","12/2","0","AGRICULTURE","AGRICULTURE","4/12/2","P","14-05-2013","MCD","Khasra Number Updated","","08.05.2017","","TILANG PUR KOTLA","WEST","PUNJABI BAGH","","","313.499739466","4693.32688507","96","450","63996","0","","0"
"86KA5CDA0PNZH0","224","697992.090677108,3170907.34830109","4/11","227","WEST","07070001","PUNJABI BAGH","092","TILANGPUR KOTLA","4","11","0","AGRICULTURE","AGRICULTURE","4/11/0","P","14-05-2013","MCD","","","","","TILANG PUR KOTLA","WEST","PUNJABI BAGH","","","262.200516005","4291.08650567","96","450","63996","0","","0"
"86KA57DA0RTZH0","225","698206.225461544,3170917.89324043","4/14","233","WEST","07070001","PUNJABI BAGH","092","TILANGPUR KOTLA","4","14","0","AGRICULTURE","AGRICULTURE","4/14/0","P","14-05-2013","MCD","","","","","TILANG PUR KOTLA","WEST","PUNJABI BAGH","","","230.280024435","2980.00028485","96","450","63996","0","","0"
"86KAMUDA0PZUH0","226","697994.856028768,3170969.88936537","4/10","238","WEST","07070001","PUNJABI BAGH","092","TILANGPUR KOTLA","4","10","0","AGRICULTURE","AGRICULTURE","4/10/0","P","14-05-2013","MCD","","","","","TILANG PUR KOTLA","WEST","PUNJABI BAGH","","","260.446511758","4229.51429723","96","450","63996","0","","0"
"86KAMFDA0QD5H0","227","698064.033502458,3170968.62349176","4/9/2","239","WEST","07070001","PUNJABI BAGH","092","TILANGPUR KOTLA","4","9/2","0","AGRICULTURE","AGRICULTURE","4/9/2","P","14-05-2013","MCD","Khasra Number Updated","","08.05.2017","","TILANG PUR KOTLA","WEST","PUNJABI BAGH","","","333.280762473","4355.59676993","96","450","63996","0","","0"
"86KAMADA0R7TH0","228","698137.044299262,3170969.71017136","4/8","240","WEST","07070001","PUNJABI BAGH","092","TILANGPUR KOTLA","4","8","0","AGRICULTURE","AGRICULTURE","4/8/0","P","14-05-2013","MCD","","","","","TILANG PUR KOTLA","WEST","PUNJABI BAGH","","","262.660690545","4266.44090751","96","450","63996","0","","0"
"86KAMLDA0RUTH0","229","698208.126458456,3170972.78523195","4/7","241","WEST","07070001","PUNJABI BAGH","092","TILANGPUR KOTLA","4","7","0","AGRICULTURE","AGRICULTURE","4/7/0","P","14-05-2013","MCD","","","","","TILANG PUR KOTLA","WEST","PUNJABI BAGH","","","250.749931516","3790.12237801","96","450","63996","0","","0"
"86KAJ3DA0SKDH0","230","698271.580059088,3170968.21716037","4/6/2","242","WEST","07070001","PUNJABI BAGH","092","TILANGPUR KOTLA","4","6/2","0","AGRICULTURE","AGRICULTURE","4/6/2","P","14-05-2013","MCD","Khasra Number Updated","","08.05.2017","","TILANG PUR KOTLA","WEST","PUNJABI BAGH","","","323.599321477","4453.72769535","96","450","63996","0","","0"
"86KAZKDA0T68H0","231","698331.28807242,3170988.92033268","3/10","243","WEST","07070001","PUNJABI BAGH","092","TILANGPUR KOTLA","3","10","0","AGRICULTURE","AGRICULTURE","3/10/0","P","14-05-2013","MCD","","","","","TILANG PUR KOTLA","WEST","PUNJABI BAGH","","","200.832325546","2017.19973857","96","450","63996","0","","0"
"86KB49DA0QGNH0","232","698065.823453133,3171015.3100408","4/2/2","247","WEST","07070001","PUNJABI BAGH","092","TILANGPUR KOTLA","4","2/2","0","AGRICULTURE","AGRICULTURE","4/2/2","P","14-05-2013","MCD","Khasra Number Updated","","08.05.2017","","TILANG PUR KOTLA","WEST","PUNJABI BAGH","","","206.591431512","2217.78674711","96","450","63996","0","","0"
"86K8NBDA0NJYH0","233","697786.420721812,3170747.10925653","7/3","182","WEST","07070001","PUNJABI BAGH","092","TILANGPUR KOTLA","7","3","0","AGRICULTURE","AGRICULTURE","7/3/0","P","14-05-2013","MCD","","","","","TILANG PUR KOTLA","WEST","PUNJABI BAGH","","","272.820445097","4606.7462073","96","450","63996","0","","0"
"86K8PZDA0N42H0","234","697737.726448187,3170753.1648256","7/2/2","184","WEST","07070001","PUNJABI BAGH","092","TILANGPUR KOTLA","7","2/2","0","AGRICULTURE","AGRICULTURE","7/2/2","P","14-05-2013","MCD","Khasra Number Updated","","08.05.2017","","TILANG PUR KOTLA","WEST","PUNJABI BAGH","","","212.622980955","2090.67277293","96","450","63996","0","","0"
"86K8REDA0MP6H0","235","697705.784479761,3170759.29998224","7/2/1","185","WEST","07070001","PUNJABI BAGH","092","TILANGPUR KOTLA","7","2/1","0","AGRICULTURE","AGRICULTURE","7/2/1","P","14-05-2013","MCD","Khasra Number Updated","","08.05.2017","","TILANG PUR KOTLA","WEST","PUNJABI BAGH","","","193.975212988","2056.2552785","96","450","63996","0","","0"
"86K8TLDA0MABH0","236","697659.344923028,3170766.88429575","7/1","186","WEST","07070001","PUNJABI BAGH","092","TILANGPUR KOTLA","7","1","0","AGRICULTURE","AGRICULTURE","7/1/0","P","14-05-2013","MCD","","","","","TILANG PUR KOTLA","WEST","PUNJABI BAGH","","","251.791840512","3916.99618443","96","450","63996","0","","0"
"86K9DRDA0M5SH0","237","697661.8887434,3170821.34504524","5/22/3","193","WEST","07070001","PUNJABI BAGH","092","TILANGPUR KOTLA","5","21","3","AGRICULTURE","AGRICULTURE","5/21/0","P","14-05-2013","MCD","Khasra Polygon Merged","","08.05.2017","","TILANG PUR KOTLA","WEST","PUNJABI BAGH","","","291.79630556","3776.98478669","96","450","63996","0","","0"
"86K9C0DA0MUVH0","238","697722.39585914,3170815.82105156","5/22/2","194","WEST","07070001","PUNJABI BAGH","092","TILANGPUR KOTLA","5","22/2","0","AGRICULTURE","AGRICULTURE","5/22/2","P","14-05-2013","MCD","Khasra Number Updated","","08.05.2017","","TILANG PUR KOTLA","WEST","PUNJABI BAGH","","","244.975590293","3153.35240605","96","450","63996","0","","0"
"86K99FDA0NKBH0","239","697787.744781324,3170808.14456263","5/23","195","WEST","07070001","PUNJABI BAGH","092","TILANGPUR KOTLA","5","23","0","AGRICULTURE","AGRICULTURE","5/23/0","P","14-05-2013","MCD","","","","","TILANG PUR KOTLA","WEST","PUNJABI BAGH","","","235.399535404","3384.26850287","96","450","63996","0","","0"
"86K9QDDA0MTBH0","240","697718.268789341,3170864.16531277","5/19","210","WEST","07070001","PUNJABI BAGH","092","TILANGPUR KOTLA","5","19","0","AGRICULTURE","AGRICULTURE","5/19/0","P","14-05-2013","MCD","","","","","TILANG PUR KOTLA","WEST","PUNJABI BAGH","","","276.548240603","3749.50266921","96","450","63996","0","","0"
"86K9ZHDA0NKVH0","241","697788.536050443,3170861.0061994","5/18","211","WEST","07070001","PUNJABI BAGH","092","TILANGPUR KOTLA","5","18","0","AGRICULTURE","AGRICULTURE","5/18/0","P","14-05-2013","MCD","","","","","TILANG PUR KOTLA","WEST","PUNJABI BAGH","","","241.450463206","3607.21072347","96","450","63996","0","","0"
"86K9MGDA0ZC8H0","242","697859.317282486,3170855.53521164","5/17/1","213","WEST","07070001","PUNJABI BAGH","092","TILANGPUR KOTLA","5","17/1","0","AGRICULTURE","AGRICULTURE","5/17/1","P","14-05-2013","MCD","Khasra Number Updated","","08.05.2017","","TILANG PUR KOTLA","WEST","PUNJABI BAGH","","","234.971509189","3473.7994072","96","450","63996","0","","0"
"86K9L0DA0P19H0","243","697922.702910039,3170850.6829112","5/16","214","WEST","07070001","PUNJABI BAGH","092","TILANGPUR KOTLA","5","16","0","AGRICULTURE","AGRICULTURE","5/16/0","P","14-05-2013","MCD","","","","","TILANG PUR KOTLA","WEST","PUNJABI BAGH","","","243.976792414","3719.16715994","96","450","63996","0","","0"
"86KA64DA0P2AH0","244","697925.264508225,3170909.71405501","5/15","228","WEST","07070001","PUNJABI BAGH","092","TILANGPUR KOTLA","5","15","0","AGRICULTURE","AGRICULTURE","5/15/0","P","14-05-2013","MCD","","","","","TILANG PUR KOTLA","WEST","PUNJABI BAGH","","","255.130563126","4062.11736455","96","450","63996","0","","0"
"86KA7EDA0ZC4H0","245","697857.928320189,3170912.97217637","5/14","229","WEST","07070001","PUNJABI BAGH","092","TILANGPUR KOTLA","5","14","0","AGRICULTURE","AGRICULTURE","5/14/0","P","14-05-2013","MCD","","","","","TILANG PUR KOTLA","WEST","PUNJABI BAGH","","","254.53497545","3982.54963174","96","450","63996","0","","0"
"86KA8LDA0NJJH0","246","697784.458345393,3170913.42690731","5/13","230","WEST","07070001","PUNJABI BAGH","092","TILANGPUR KOTLA","5","13","0","AGRICULTURE","AGRICULTURE","5/13/0","P","14-05-2013","MCD","","","","","TILANG PUR KOTLA","WEST","PUNJABI BAGH","","","286.468006367","4268.03269625","96","450","63996","0","","0"
"86KAP9DA0P3GH0","247","697927.590069544,3170977.1528655","5/6/1","237","WEST","07070001","PUNJABI BAGH","092","TILANGPUR KOTLA","5","6/1","0","AGRICULTURE","AGRICULTURE","5/6/1","P","14-05-2013","MCD","Khasra Number Updated","","08.05.2017","","TILANG PUR KOTLA","WEST","PUNJABI BAGH","","","233.232845861","3321.25933745","96","450","63996","0","","0"
"86KAQMDA0ZCUH0","248","697854.135656657,3170971.08090497","5/7","246","WEST","07070001","PUNJABI BAGH","092","TILANGPUR KOTLA","5","7","0","AGRICULTURE","AGRICULTURE","5/7/0","P","14-05-2013","MCD","","","","","TILANG PUR KOTLA","WEST","PUNJABI BAGH","","","339.480409643","5082.96164858","96","450","63996","0","","0"
"86KBASDA0P5SH0","249","697930.156633477,3171026.45802797","5/5/1","256","WEST","07070001","PUNJABI BAGH","092","TILANGPUR KOTLA","5","5/1","0","AGRICULTURE","AGRICULTURE","5/5/1","P","14-05-2013","MCD","Khasra Number Updated","","08.05.2017","","TILANG PUR KOTLA","WEST","PUNJABI BAGH","","26-03-2019","227.458508023","2624.06018925","96","450","63996","0","","0"
"86K83JDA0M9HH0","250","697658.694821571,3170671.21320938","7/10/2/3","169","WEST","07070001","PUNJABI BAGH","092","TILANGPUR KOTLA","7","10/2","0","AGRICULTURE","AGRICULTURE","7/10/2","GP","14-05-2013","MCD","Khasra Number Updated","","08.05.2017","","TILANG PUR KOTLA","WEST","PUNJABI BAGH","","","458.494071352","7191.65185754","96","450","63996","0","","0"
"86K913DA0LHQH0","251","697591.695470576,3170774.01145508","6/5/2","188","WEST","07070001","PUNJABI BAGH","092","TILANGPUR KOTLA","6","5/2","0","AGRICULTURE","AGRICULTURE","6/5/2","P","14-05-2013","MCD","Khasra Number Updated","","08.05.2017","","TILANG PUR KOTLA","WEST","PUNJABI BAGH","","","250.104985757","3659.4714041","96","450","63996","0","","0"
"86K97EDA0ZAEH0","252","697854.42937706,3170801.43804833","5/24/1","196","WEST","07070001","PUNJABI BAGH","092","TILANGPUR KOTLA","5","24","0","AGRICULTURE","AGRICULTURE","5/24/0","P","14-05-2013","MCD","","","","","TILANG PUR KOTLA","WEST","PUNJABI BAGH","","","243.000953043","3612.82908403","96","450","63996","0","","0"
"86K95FDA0P0DH0","253","697920.972006125,3170795.66984555","5/25/4","197","WEST","07070001","PUNJABI BAGH","092","TILANGPUR KOTLA","5","25","0","AGRICULTURE","AGRICULTURE","5/25/0","P","14-05-2013","MCD","","","","","TILANG PUR KOTLA","WEST","PUNJABI BAGH","","","236.787125019","3448.64982514","96","450","63996","0","","0"
"86K75CDA0N0DH0","254","697720.80586197,3170570.13419047","7/12/3","139","WEST","07070001","PUNJABI BAGH","092","TILANGPUR KOTLA","7","12/2","0","AGRICULTURE","AGRICULTURE","7/12/2","G","14-05-2013","MCD","Khasra Polygon Merged","","08.05.2017","","TILANG PUR KOTLA","WEST","PUNJABI BAGH","","26-03-2019","197.991804424","1355.02248539","96","450","63996","0","","0"
"86K73EDA0LKEH0","255","697595.619294057,3170560.91396382","6/16/1","110","WEST","07070001","PUNJABI BAGH","092","TILANGPUR KOTLA","6","16/1","0","AGRICULTURE","AGRICULTURE","6/16/1","G","14-05-2013","MCD","Khasra Number Updated","","08.05.2017","","TILANG PUR KOTLA","WEST","PUNJABI BAGH","","","140.85150524","460.899815338","96","450","63996","0","","0"
"86K948DA0N49H0","256","697737.495779479,3170788.34520892","5/22/1","11","WEST","07070001","PUNJABI BAGH","092","TILANGPUR KOTLA","5","22/1","0","WATER BODIES","WELL","5/22/1","P","14-05-2013","MCD","Khasra Number Updated","","08.05.2017","","TILANG PUR KOTLA","WEST","PUNJABI BAGH","","","51.4640484412","153.407041952","96","450","63996","0","","0"
"86K9NHDA0Z1BH0","257","697825.024641966,3170858.4102976","5/17/2","212","WEST","07070001","PUNJABI BAGH","092","TILANGPUR KOTLA","5","17/2","0","AGRICULTURE","AGRICULTURE","5/17/2","P","14-05-2013","MCD","Khasra Number Updated","","08.05.2017","","TILANG PUR KOTLA","WEST","PUNJABI BAGH","","","122.098589751","360.113130983","96","450","63996","0","","0"
"86KAGMDA0P31H0","258","697926.409090569,3170946.34220737","5/6/2","234","WEST","07070001","PUNJABI BAGH","092","TILANGPUR KOTLA","5","6/2","0","AGRICULTURE","AGRICULTURE","5/6/2","P","14-05-2013","MCD","Khasra Number Updated","","08.05.2017","","TILANG PUR KOTLA","WEST","PUNJABI BAGH","","","157.051899512","801.041251213","96","450","63996","0","","0"
"86KBBZDA0PDMH0","259","697958.392398882,3171038.0714095","5/5/2","257","WEST","07070001","PUNJABI BAGH","092","TILANGPUR KOTLA","5","5/2","0","AGRICULTURE","AGRICULTURE","5/5/2","P","14-05-2013","MCD","Khasra Number Updated","","08.05.2017","","TILANG PUR KOTLA","WEST","PUNJABI BAGH","","26-03-2019","167.116560797","601.64115429","96","450","63996","0","","0"
"86K5ZHDA0NF5H0","260","697777.790902636,3170417.57220584","8/3/1","74","WEST","07070001","PUNJABI BAGH","092","TILANGPUR KOTLA","8","3/1","0","AGRICULTURE","AGRICULTURE","8/3/1","P","14-05-2013","MCD","Khasra Number Updated","","08.05.2017","","TILANG PUR KOTLA","WEST","PUNJABI BAGH","","","164.199188179","1586.6487982","96","450","63996","0","","0"
"86K5NDDA0NPNH0","261","697810.984503444,3170413.37228321","8/3/2","75","WEST","07070001","PUNJABI BAGH","092","TILANGPUR KOTLA","8","3/2","0","AGRICULTURE","AGRICULTURE","8/3/2","P","14-05-2013","MCD","Khasra Number Updated","","08.05.2017","","TILANG PUR KOTLA","WEST","PUNJABI BAGH","","","167.494106253","1689.02192879","96","450","63996","0","","0"
"86K997DA0Q8SH0","262","698051.33763774,3170816.67873099","4/22/1","206","WEST","07070001","PUNJABI BAGH","092","TILANGPUR KOTLA","4","22/1","0","AGRICULTURE","AGRICULTURE","4/22/1","P","14-05-2013","MCD","Khasra Number Updated","","08.05.2017","","TILANG PUR KOTLA","WEST","PUNJABI BAGH","","25-03-2019","150.873885041","594.156832122","96","450","63996","0","","0"
"86K90ADA0LU3H0","263","697591.695470576,3170774.01145508","6/5/2","188","WEST","07070001","PUNJABI BAGH","092","TILANGPUR KOTLA","6","5/1","0","AGRICULTURE","AGRICULTURE","6/5/1","P","14-05-2013","MCD","Khasra Number Updated","","08.05.2017","","TILANG PUR KOTLA","WEST","PUNJABI BAGH","","","143.774616746","637.139209052","96","450","63996","0","","0"
"86K5E5DA0Z9GH0","264","697865.500416762,3170358.884874","8/7/2/3","58","WEST","07070001","PUNJABI BAGH","092","TILANGPUR KOTLA","8","7/1","0","AGRICULTURE","AGRICULTURE","8/7/1","P","14-05-2013","MCD","Khasra Polygon Merged","","08.05.2017","","TILANG PUR KOTLA","WEST","PUNJABI BAGH","","26-03-2019","146.424064174","355.259332242","96","450","63996","0","","0"
"86K5T3DA0QSAH0","265","698133.687651471,3170437.73607773","10/23/2","97","WEST","07070001","PUNJABI BAGH","092","TILANGPUR KOTLA","10","23/1","0","AGRICULTURE","AGRICULTURE","10/23/1","G","14-05-2013","MCD","Khasra Polygon Merged","","08.05.2017","","TILANG PUR KOTLA","WEST","PUNJABI BAGH","","26-03-2019","171.28064141","1726.0315675","96","450","63996","0","","0"
"86K5TDDA0THHH0","266","698403.749323881,3170447.12144516","11/22/2","100","WEST","07070001","PUNJABI BAGH","092","TILANGPUR KOTLA","11","22/1","0","AGRICULTURE","AGRICULTURE","11/22/1","P","14-05-2013","MCD","Khasra Polygon Merged","","08.05.2017","","TILANG PUR KOTLA","WEST","PUNJABI BAGH","","26-03-2019","117.177959318","354.454778344","96","450","63996","0","","0"
"86K3RJDA0T6ZH0","267","698339.035582204,3170239.44246583","13/20/1","39","WEST","07070001","PUNJABI BAGH","092","TILANGPUR KOTLA","13","20/2","0","AGRICULTURE","AGRICULTURE","13/20/2","G","14-05-2013","MCD","Khasra Polygon Merged","","08.05.2017","","TILANG PUR KOTLA","WEST","PUNJABI BAGH","","26-03-2019","134.409909403","234.56904648","96","450","63996","0","","0"
"86K6L5DA0SKNH0","268","698232.255638205,3170685.38279403","10/-999","21","WEST","07070001","PUNJABI BAGH","092","TILANGPUR KOTLA","15","2","0","ABADI","ABADI","2","ABADI","14-05-2013","MCD","Khasra polygon newly created","","08.05.2017","","TILANG PUR KOTLA","WEST","PUNJABI BAGH","","","151.761744194","1458.04070982","96","450","63996","0","","0"
"86K6QDDA0SU0H0","269","698232.255638205,3170685.38279403","10/-999","21","WEST","07070001","PUNJABI BAGH","092","TILANGPUR KOTLA","15","3","0","ABADI","ABADI","3","ABADI","14-05-2013","MCD","Khasra polygon newly created","","08.05.2017","","TILANG PUR KOTLA","WEST","PUNJABI BAGH","","","99.4924496417","606.38756694","96","450","63996","0","","0"
"86K70ADA0T3LH0","270","698232.255638205,3170685.38279403","10/-999","21","WEST","07070001","PUNJABI BAGH","092","TILANGPUR KOTLA","15","4","0","ABADI","ABADI","4","ABADI","14-05-2013","MCD","Khasra polygon newly created","","08.05.2017","","TILANG PUR KOTLA","WEST","PUNJABI BAGH","","","90.3296377825","512.750489232","96","450","63996","0","","0"
"86K74HDA0T73H0","271","698232.255638205,3170685.38279403","10/-999","21","WEST","07070001","PUNJABI BAGH","092","TILANGPUR KOTLA","15","5","0","ABADI","ABADI","5","ABADI","14-05-2013","MCD","Khasra polygon newly created","","08.05.2017","","TILANG PUR KOTLA","WEST","PUNJABI BAGH","","","80.7853440019","402.512981965","96","450","63996","0","","0"
"86K7MUDA0TY6H0","272","698232.255638205,3170685.38279403","10/-999","21","WEST","07070001","PUNJABI BAGH","092","TILANGPUR KOTLA","15","6","0","ABADI","ABADI","6","ABADI","14-05-2013","MCD","Khasra polygon newly created","","08.05.2017","","TILANG PUR KOTLA","WEST","PUNJABI BAGH","","","97.3533222311","481.835518478","96","450","63996","0","","0"
"86K78UDA0V9MH0","273","698389.444563973,3170637.80502977","11/17/2/1","18","WEST","07070001","PUNJABI BAGH","092","TILANGPUR KOTLA","0","17","0","TRANSPORT","ROAD WORKING","17","G(ROAD)","14-05-2013","MCD","Khasra Number Updated","","08.05.2017","","TILANG PUR KOTLA","WEST","PUNJABI BAGH","","","914.294553817","3500.00925637","96","450","63996","0","","0"
"86K6KEDA0VQ3H0","274","698611.012638569,3170529.59622235","11/16/1","128","WEST","07070001","PUNJABI BAGH","092","TILANGPUR KOTLA","11","16/1/1","0","AGRICULTURE","AGRICULTURE","11/16/1/1","G","14-05-2013","MCD","Khasra Number Updated","","08.05.2017","","TILANG PUR KOTLA","WEST","PUNJABI BAGH","","26-03-2019","128.295715112","1017.07311397","96","450","63996","0","","0"
